0 17.0908 19.0336
1 16.0246 17.5448
2 14.9876 16.477
3 14.9075 15.7533
4 14.1094 15
5 14.0073 14.356
6 14.0073 14.0574
7 13.752 13.9964
8 13.752 13.861
9 13.1739 13.7237
10 12.5788 13.4748
11 12.1765 12.7694
12 11.925 12.3496
13 11.925 12.0781
14 11.7261 11.9647
15 11.6308 11.8399
16 11.5256 11.6977
17 11.5256 11.5833
18 11.5256 11.5467
19 11.4304 11.518
20 11.2601 11.4541
21 11.1098 11.3598
22 11.1098 11.2697
23 10.8189 11.1399
24 10.6754 10.9979
25 10.6414 10.8656
26 9.67838 10.7668
27 9.67838 10.3062
28 9.67838 10.0388
29 9.67838 9.67838
30 9.67838 9.67838
31 9.67838 9.67838
32 9.67838 9.67838
33 9.55843 9.67358
34 9.55843 9.61121
35 9.36069 9.55532
36 9.36069 9.49386
37 9.36069 9.40503
38 9.28873 9.35781
39 9.28873 9.3463
40 9.28873 9.29268
41 9.16382 9.28374
42 9.16382 9.23877
43 9.11389 9.16542
44 8.98897 9.11514
45 8.91077 9.05098
46 8.87584 8.94132
47 8.87584 8.8982
48 8.85693 8.88068
49 8.58193 8.8603
50 8.58193 8.79173
51 8.58193 8.60393
52 8.43552 8.57565
53 8.43552 8.51751
54 8.38037 8.43917
55 8.38037 8.40022
56 8.38037 8.38037
57 8.38037 8.38037
58 8.38037 8.38037
59 8.25621 8.3754
60 8.25621 8.34064
61 8.15153 8.30665
62 8.15153 8.21634
63 8.15153 8.17334
64 8.15153 8.15153
65 8.15153 8.15153
66 8.15153 8.15153
67 8.15153 8.15153
68 8.15153 8.15153
69 8.15153 8.15153
70 8.15153 8.15153
71 8.15153 8.15153
72 8.15153 8.15153
73 8.03488 8.14686
74 8.03488 8.11381
75 8.03488 8.07381
76 7.92867 8.04001
77 7.92867 7.97195
78 7.91873 7.94527
79 7.91873 7.92628
80 7.91873 7.9227
81 7.88763 7.91748
82 7.88763 7.91126
83 7.88763 7.89512
84 7.88763 7.89017
85 7.88763 7.88763
86 7.88763 7.88763
87 7.88763 7.88763
88 7.86411 7.88669
89 7.86411 7.8754
90 7.86411 7.86505
91 7.82956 7.86272
92 7.82956 7.85137
93 7.82956 7.82956
94 7.82956 7.82956
95 7.82956 7.82956
96 7.82956 7.82956
97 7.82956 7.82956
98 7.82956 7.82956
99 7.82956 7.82956
100 7.82956 7.82956
101 7.81933 7.82915
102 7.81933 7.82547
103 7.81933 7.82015
104 7.77996 7.81776
105 7.77996 7.80125
106 7.77996 7.78434
107 7.77996 7.77996
108 7.77996 7.77996
109 7.75348 7.7789
110 7.71727 7.76898
111 7.43819 7.71772
112 7.43819 7.61229
113 7.43819 7.43901
114 7.43819 7.43819
115 7.43819 7.43819
116 7.43819 7.43819
117 7.32986 7.43386
118 7.32986 7.42875
119 7.32986 7.36809
120 7.28559 7.33682
121 7.28559 7.32569
122 7.28559 7.29091
123 7.2565 7.28443
124 7.2565 7.2693
125 7.2565 7.25766
126 7.2565 7.2565
127 7.2565 7.2565
128 7.2565 7.2565
129 7.2565 7.2565
130 7.2565 7.2565
131 7.2565 7.2565
132 7.2565 7.2565
133 7.2565 7.2565
134 7.2565 7.2565
135 7.2565 7.2565
136 7.2565 7.2565
137 6.98744 7.24574
138 6.98744 7.18016
139 6.63273 7.0377
140 6.63273 6.80487
141 6.63273 6.63273
142 6.63273 6.63273
143 6.63273 6.63273
144 6.63273 6.63273
145 6.63273 6.63273
146 6.63273 6.63273
147 6.63273 6.63273
148 6.63273 6.63273
149 6.63273 6.63273
150 6.63273 6.63273
151 6.63273 6.63273
152 6.56051 6.62984
153 6.55758 6.60494
154 6.36886 6.57249
155 6.36886 6.48964
156 6.36886 6.39906
157 6.36886 6.37604
158 6.36886 6.36886
159 6.36886 6.36886
160 6.36886 6.36886
161 6.36886 6.36886
162 6.27325 6.36504
163 6.27325 6.30572
164 6.27325 6.27325
165 6.27325 6.27325
166 6.27325 6.27325
167 6.27325 6.27325
168 6.27325 6.27325
169 6.27325 6.27325
170 6.27325 6.27325
171 6.27325 6.27325
172 6.27325 6.27325
173 6.27325 6.27325
174 6.27325 6.27325
175 6.27325 6.27325
176 6.27325 6.27325
177 6.27325 6.27325
178 6.27325 6.27325
179 6.27325 6.27325
180 6.27325 6.27325
181 6.27325 6.27325
182 6.27325 6.27325
183 6.27325 6.27325
184 6.27325 6.27325
185 6.27325 6.27325
186 6.27325 6.27325
187 6.27325 6.27325
188 6.27325 6.27325
189 6.27325 6.27325
190 6.27325 6.27325
191 6.27325 6.27325
192 6.27325 6.27325
193 6.27325 6.27325
194 6.23064 6.27154
195 6.23064 6.25621
196 6.23064 6.23746
197 6.23064 6.23064
198 6.23064 6.23064
199 6.23064 6.23064
200 6.23064 6.23064
201 6.17108 6.22826
202 6.17108 6.21167
203 6.17108 6.40222
204 6.17108 6.39001
205 6.17108 6.17108
206 6.17108 6.17108
207 6.17108 6.17108
208 5.92312 6.16116
209 5.92312 6.0719
210 5.92312 5.9628
211 5.92312 5.92312
212 5.92312 5.92312
213 5.92312 5.92312
214 5.92312 5.92312
215 5.92312 5.92312
216 5.92312 5.92312
217 5.92312 5.92312
218 5.92312 5.92312
219 5.92312 5.92312
220 5.92312 5.92312
221 5.91962 5.92298
222 5.91962 5.92186
223 5.91962 5.92018
224 5.91962 5.91962
225 5.91962 5.91962
226 5.91962 5.91962
227 5.91962 5.91962
228 5.86033 5.91725
229 5.86033 5.90302
230 5.86033 5.8793
231 5.86033 5.87456
232 5.86033 5.88592
233 5.86033 5.86033
234 5.86033 5.86033
235 5.86033 5.86033
236 5.86033 5.86033
237 5.86033 5.86033
238 5.86033 5.86033
239 5.86033 5.86033
240 5.86033 5.86033
241 5.86033 5.86033
242 5.86033 5.86033
243 5.6609 5.85235
244 5.6609 5.71259
245 5.6609 5.6609
246 5.6609 5.6609
247 5.6609 5.6609
248 5.6609 5.6609
249 5.6609 5.6609
250 5.6609 5.6609
251 5.6609 5.6609
252 5.6609 5.6609
253 5.6609 5.6609
254 5.6609 5.6609
255 5.6609 5.6609
256 5.6609 5.6609
257 5.6609 5.6609
258 5.6609 5.6609
259 5.6609 5.6609
260 5.6609 5.6609
261 5.6609 5.6609
262 5.6609 5.6609
263 5.6609 5.6609
264 5.6609 5.6609
265 5.6609 5.6609
266 5.6609 5.6609
267 5.6609 5.6609
268 5.6609 5.6609
269 5.6609 5.6609
270 5.6609 5.6609
271 5.6609 5.6609
272 5.6609 5.6609
273 5.6609 5.6609
274 5.6609 5.6609
275 5.6609 5.6609
276 5.6609 5.6609
277 5.6609 5.6609
278 5.6609 5.6609
279 5.6609 5.6609
280 5.6609 5.6609
281 5.6609 5.6609
282 5.6609 5.6609
283 5.6609 5.6609
284 5.6609 5.6609
285 5.63566 5.65989
286 5.63566 5.65181
287 5.63566 5.63768
288 5.63566 5.63566
289 5.63566 5.63566
290 5.63566 5.63566
291 5.63566 5.63566
292 5.63566 5.63566
293 5.63566 5.63566
294 5.63566 5.63566
295 5.63566 5.63566
296 5.63566 5.63566
297 5.60265 5.63434
298 5.60265 5.62377
299 5.60265 5.60955
300 5.60265 5.60265
301 5.60265 5.60265
302 5.60265 5.60265
303 5.60265 5.60265
304 5.60265 5.60265
305 5.60265 5.60265
306 5.60265 5.60265
307 5.60265 5.60265
308 5.60265 5.60265
309 5.60265 5.60265
310 5.60265 5.60265
311 5.60265 5.60265
312 5.60265 5.60265
313 5.60265 5.60265
314 5.60265 5.60265
315 5.45743 5.59684
316 5.45743 5.52132
317 5.45743 5.45743
318 5.45743 5.45743
319 5.45743 5.45743
320 5.45743 5.45743
321 5.45743 5.45743
322 5.45743 5.45743
323 5.45743 5.45743
324 5.45743 5.45743
325 5.45743 5.45743
326 5.45743 5.45743
327 5.45743 5.45743
328 5.45743 5.45743
329 5.45743 5.45743
330 5.45743 5.45743
331 5.45743 5.45743
332 5.45743 5.45743
333 5.45743 5.45743
334 5.45743 5.45743
335 5.45743 5.45743
336 5.45743 5.45743
337 5.45743 5.45743
338 5.45377 5.45728
339 5.45377 5.45626
340 5.45377 5.45377
341 5.45377 5.45377
342 5.45377 5.45377
343 5.45377 5.45377
344 5.45377 5.45377
345 5.45377 5.45377
346 5.45377 5.45377
347 5.45377 5.45377
348 5.45377 5.45377
349 5.45377 5.45377
350 5.45377 5.45377
351 5.45377 5.45377
352 5.45377 5.45377
353 5.45377 5.45377
354 5.45377 5.45377
355 5.45377 5.45377
356 5.45377 5.45377
357 5.45377 5.45377
358 5.45377 5.45377
359 5.45377 5.45377
360 5.45377 5.45377
361 5.45377 5.45377
362 5.45377 5.45377
363 5.45377 5.45377
364 5.45377 5.45377
365 5.45377 5.45377
366 5.45377 5.45377
367 5.45377 5.45377
368 5.45377 5.45377
369 5.45377 5.45377
370 5.45377 5.45377
371 5.45377 5.45377
372 5.45377 5.45377
373 5.45377 5.45377
374 5.45377 5.45377
375 5.45377 5.45377
376 5.45377 5.45377
377 5.45377 5.45377
378 5.45377 5.45377
379 5.45377 5.45377
380 5.45377 5.45377
381 5.45377 5.45377
382 5.45377 5.45377
383 5.45377 5.45377
384 5.45377 5.45377
385 5.45377 5.45377
386 5.45377 5.45377
387 5.45377 5.45377
388 5.45377 5.45377
389 5.45377 5.45377
390 5.45377 5.45377
391 5.45377 5.45377
392 5.37373 5.45057
393 5.37373 5.43136
394 5.37373 5.39935
395 5.37373 5.37373
396 5.37373 5.37373
397 5.37373 5.37373
398 5.37373 5.37373
399 5.37373 5.37373
400 5.37373 5.37373
401 5.37373 5.37373
402 5.37373 5.37373
403 5.37373 5.37373
404 5.37373 5.37373
405 5.37373 5.37373
406 5.37373 5.37373
407 5.37373 5.37373
408 5.37373 5.37373
409 5.37373 5.37373
410 5.37373 5.37373
411 5.37373 5.37373
412 5.37373 5.37373
413 5.37373 5.37373
414 5.37373 5.37373
415 5.37373 5.37373
416 5.37373 5.37373
417 5.37373 5.37373
418 5.37373 5.37373
419 5.37373 5.37373
420 5.37373 5.37373
421 5.37373 5.37373
422 5.37373 5.37373
423 5.37373 5.37373
424 5.37373 5.37373
425 5.37373 5.37373
426 5.37373 5.37373
427 5.37373 5.37373
428 5.37373 5.37373
429 5.37373 5.37373
430 5.37373 5.37373
431 5.37373 5.37373
432 5.21269 5.36729
433 5.21269 5.29917
434 5.21269 5.21269
435 5.21269 5.21269
436 5.21269 5.21269
437 5.21269 5.21269
438 5.21269 5.21269
439 5.21269 5.21269
440 5.21269 5.21269
441 5.21269 5.21269
442 5.21269 5.21269
443 5.21269 5.21269
444 5.21269 5.21269
445 5.21269 5.21269
446 5.21269 5.21269
447 5.21269 5.21269
448 5.21269 5.21269
449 5.21269 5.21269
450 5.21269 5.21269
451 5.21269 5.21269
452 5.21269 5.21269
453 5.21269 5.21269
454 5.21269 5.21269
455 5.21269 5.21269
456 5.21269 5.21269
457 5.21269 5.21269
458 5.21269 5.21269
459 5.21269 5.21269
460 5.21269 5.21269
461 5.21269 5.21269
462 5.21269 5.21269
463 5.21269 5.21269
464 5.21269 5.21269
465 5.21269 5.21269
466 5.21269 5.21269
467 5.21269 5.21269
468 5.21269 5.21269
469 5.21269 5.21269
470 5.21269 5.21269
471 5.03605 5.20562
472 5.03605 5.1491
473 5.03605 5.05725
474 5.03605 5.03605
475 5.03605 5.03605
476 5.03605 5.03605
477 5.03605 5.03605
478 5.03605 5.03605
479 5.03605 5.03605
480 5.03605 5.03605
481 5.03605 5.03605
482 5.03605 5.03605
483 5.03605 5.03605
484 5.03605 5.03605
485 5.03605 5.03605
486 5.03605 5.03605
487 5.03605 5.03605
488 5.03605 5.03605
489 5.03605 5.03605
490 5.03605 5.03605
491 5.03605 5.03605
492 5.03605 5.03605
493 5.03605 5.03605
494 5.03605 5.03605
495 5.03605 5.03605
496 5.03605 5.03605
497 5.03605 5.03605
498 5.03605 5.03605
499 5.03605 5.03605
500 5.03605 5.03605
501 5.02978 5.0358
502 5.02978 5.03405
503 5.02978 5.03104
504 5.02978 5.02978
505 5.02978 5.02978
506 5.02978 5.02978
507 5.02978 5.02978
508 5.02978 5.02978
509 5.02978 5.02978
510 5.02978 5.02978
511 5.02978 5.02978
512 5.02978 5.02978
513 5.02978 5.02978
514 5.02978 5.02978
515 5.02978 5.02978
516 5.02978 5.02978
517 5.02978 5.02978
518 5.02978 5.02978
519 5.02978 5.02978
520 5.02978 5.02978
521 5.02978 5.02978
522 5.02978 5.02978
523 5.02978 5.02978
524 5.02978 5.02978
525 5.02978 5.02978
526 5.02978 5.02978
527 5.02978 5.02978
528 5.02978 5.02978
529 5.02978 5.02978
530 5.02978 5.02978
531 5.02978 5.02978
532 5.02978 5.02978
533 5.02978 5.02978
534 5.02978 5.02978
535 5.02978 5.02978
536 5.02978 5.02978
537 5.02978 5.02978
538 5.02978 5.02978
539 5.02978 5.02978
540 5.02978 5.02978
541 5.02978 5.02978
542 5.02978 5.02978
543 5.02978 5.02978
544 5.02978 5.02978
545 5.02978 5.02978
546 5.02978 5.02978
547 5.02978 5.02978
548 5.02978 5.02978
549 5.02978 5.02978
550 5.02978 5.02978
551 5.02978 5.02978
552 5.02978 5.02978
553 5.02978 5.02978
554 5.02978 5.02978
555 5.02978 5.02978
556 5.02978 5.02978
557 5.02978 5.02978
558 5.02978 5.02978
559 5.02978 5.02978
560 5.02978 5.02978
561 5.02978 5.02978
562 5.02978 5.02978
563 5.02978 5.02978
564 5.02978 5.02978
565 5.02978 5.02978
566 5.02978 5.02978
567 5.02978 5.02978
568 5.02978 5.02978
569 5.02978 5.02978
570 5.02978 5.02978
571 5.02978 5.02978
572 5.02978 5.02978
573 5.02978 5.02978
574 5.02978 5.02978
575 5.02978 5.02978
576 5.02978 5.02978
577 5.02978 5.02978
578 5.02978 5.02978
579 5.02978 5.02978
580 5.02978 5.02978
581 5.02978 5.02978
582 5.02978 5.02978
583 5.02978 5.02978
584 5.02978 5.02978
585 5.02978 5.02978
586 5.02978 5.02978
587 5.02978 5.02978
588 5.02978 5.02978
589 5.02978 5.02978
590 5.02978 5.02978
591 5.02978 5.02978
592 5.02978 5.02978
593 5.02978 5.02978
594 5.02978 5.02978
595 5.02978 5.02978
596 5.02978 5.02978
597 5.02978 5.02978
598 5.02978 5.02978
599 5.02978 5.02978
600 5.02978 5.02978
601 5.02978 5.02978
602 5.02978 5.02978
603 5.02978 5.02978
604 5.02978 5.02978
605 5.02978 5.02978
606 5.02978 5.02978
607 5.02978 5.02978
608 5.02978 5.02978
609 5.02978 5.02978
610 5.02978 5.02978
611 5.02978 5.02978
612 5.02978 5.02978
613 5.02978 5.02978
614 5.02978 5.02978
615 5.02978 5.02978
616 5.02978 5.02978
617 5.02978 5.02978
618 5.02978 5.02978
619 5.02978 5.02978
620 5.02978 5.02978
621 5.02978 5.02978
622 5.02978 5.02978
623 5.02978 5.02978
624 5.02978 5.02978
625 5.02978 5.02978
626 5.02978 5.02978
627 5.02978 5.02978
628 5.02978 5.02978
629 5.02978 5.02978
630 5.02978 5.02978
631 5.02978 5.02978
632 5.02978 5.02978
633 5.02978 5.02978
634 5.02978 5.02978
635 5.02978 5.02978
636 5.02978 5.02978
637 5.02978 5.02978
638 5.02978 5.02978
639 5.02978 5.02978
640 5.02978 5.02978
641 5.02978 5.02978
642 5.02978 5.02978
643 5.02978 5.02978
644 5.02978 5.02978
645 5.02978 5.02978
646 5.02978 5.02978
647 5.02978 5.02978
648 5.02978 5.02978
649 5.02978 5.02978
650 5.02978 5.02978
651 5.02978 5.02978
652 5.02978 5.02978
653 5.02978 5.02978
654 5.02978 5.02978
655 5.02978 5.02978
656 5.02978 5.02978
657 5.02978 5.02978
658 5.02978 5.02978
659 5.02978 5.02978
660 5.02978 5.02978
661 5.02978 5.02978
662 5.02978 5.02978
663 5.02978 5.02978
664 5.02978 5.02978
665 5.02978 5.02978
666 5.02978 5.02978
667 5.02978 5.02978
668 5.02978 5.02978
669 5.02978 5.02978
670 5.02978 5.02978
671 5.02978 5.02978
672 5.02978 5.02978
673 5.02978 5.02978
674 5.02978 5.02978
675 5.02978 5.02978
676 5.02978 5.02978
677 5.02978 5.02978
678 5.02978 5.02978
679 5.02978 5.02978
680 5.02978 5.02978
681 5.02978 5.02978
682 5.02978 5.02978
683 5.02978 5.02978
684 5.02978 5.02978
685 5.02978 5.02978
686 5.02978 5.02978
687 5.02978 5.02978
688 5.02978 5.02978
689 5.02978 5.02978
690 5.02978 5.02978
691 5.02978 5.02978
692 5.02978 5.02978
693 5.02978 5.02978
694 5.02978 5.02978
695 5.02978 5.02978
696 5.02978 5.02978
697 5.02978 5.02978
698 5.02978 5.02978
699 5.02978 5.02978
700 5.02978 5.02978
701 5.02978 5.02978
702 5.02978 5.02978
703 5.02978 5.02978
704 5.02978 5.02978
705 5.02978 5.02978
706 5.02978 5.02978
707 5.02978 5.02978
708 5.02978 5.02978
709 5.02978 5.02978
710 5.02978 5.02978
711 5.02978 5.02978
712 5.02978 5.02978
713 5.02978 5.02978
714 5.02978 5.02978
715 5.02978 5.02978
716 5.02978 5.02978
717 5.02978 5.02978
718 5.02978 5.02978
719 5.02978 5.02978
720 5.02978 5.02978
721 5.02978 5.02978
722 5.02978 5.02978
723 5.02978 5.02978
724 5.02978 5.02978
725 5.02978 5.02978
726 5.02978 5.02978
727 5.02978 5.02978
728 5.02978 5.02978
729 5.02978 5.02978
730 5.02978 5.02978
731 5.02978 5.02978
732 5.02978 5.02978
733 5.02978 5.02978
734 5.02978 5.02978
735 5.02978 5.02978
736 5.02978 5.02978
737 5.02978 5.02978
738 5.02978 5.02978
739 5.02978 5.02978
740 5.02978 5.02978
741 5.02978 5.02978
742 5.02978 5.02978
743 5.02978 5.02978
744 5.02978 5.02978
745 5.02978 5.02978
746 5.02978 5.02978
747 5.02978 5.02978
748 5.02978 5.02978
749 5.02978 5.02978
750 5.02978 5.02978
751 5.0018 5.02866
752 5.0018 5.01859
753 5.0018 5.00963
754 4.95331 4.99662
755 4.95331 4.97398
756 4.95331 4.95331
757 4.95331 4.95331
758 4.95331 4.95331
759 4.95331 4.95331
760 4.95331 4.95331
761 4.95331 4.95331
762 4.95331 4.95331
763 4.95331 4.95331
764 4.95331 4.95331
765 4.95331 4.95331
766 4.95331 4.95331
767 4.95331 4.95331
768 4.95331 4.95331
769 4.95331 4.95331
770 4.95331 4.95331
771 4.95331 4.95331
772 4.95331 4.95331
773 4.95331 4.95331
774 4.95331 4.95331
775 4.95331 4.95331
776 4.95331 4.95331
777 4.95331 4.95331
778 4.95331 4.95331
779 4.95331 4.95331
780 4.95331 4.95331
781 4.95331 4.95331
782 4.95331 4.95331
783 4.95331 4.95331
784 4.95331 4.95331
785 4.95331 4.95331
786 4.95331 4.95331
787 4.95331 4.95331
788 4.95331 4.95331
789 4.95331 4.95331
790 4.95331 4.95331
791 4.95331 4.95331
792 4.95331 4.95331
793 4.95331 4.95331
794 4.95331 4.95331
795 4.95331 4.95331
796 4.95331 4.95331
797 4.95331 4.95331
798 4.95331 4.95331
799 4.95331 4.95331
800 4.95331 4.95331
801 4.95331 4.95331
802 4.95331 4.95331
803 4.95331 4.95331
804 4.95331 4.95331
805 4.95331 4.95331
806 4.95331 4.95331
807 4.95331 4.95331
808 4.95331 4.95331
809 4.95331 4.95331
810 4.95331 4.95331
811 4.95331 4.95331
812 4.95331 4.95331
813 4.95331 4.95331
814 4.95331 4.95331
815 4.95331 4.95331
816 4.95331 4.95331
817 4.95331 4.95331
818 4.95331 4.95331
819 4.95331 4.95331
820 4.95331 4.95331
821 4.95331 4.95331
822 4.95331 4.95331
823 4.95331 4.95331
824 4.95331 4.95331
825 4.95331 4.95331
826 4.95331 4.95331
827 4.95331 4.95331
828 4.95331 4.95331
829 4.95331 4.95331
830 4.95331 4.95331
831 4.95331 4.95331
832 4.95331 4.95331
833 4.95331 4.95331
834 4.95331 4.95331
835 4.95331 4.95331
836 4.95331 4.95331
837 4.95331 4.95331
838 4.95331 4.95331
839 4.95331 4.95331
840 4.95331 4.95331
841 4.95331 4.95331
842 4.95331 4.95331
843 4.95331 4.95331
844 4.95331 4.95331
845 4.95331 4.95331
846 4.95331 4.95331
847 4.95331 4.95331
848 4.95331 4.95331
849 4.95331 4.95331
850 4.95331 4.95331
851 4.95331 4.95331
852 4.95331 4.95331
853 4.95331 4.95331
854 4.95331 4.95331
855 4.95331 4.95331
856 4.95331 4.95331
857 4.95331 4.95331
858 4.95331 4.95331
859 4.95331 4.95331
860 4.95331 4.95331
861 4.95331 4.95331
862 4.95331 4.95331
863 4.95331 4.95331
864 4.95331 4.95331
865 4.95331 4.95331
866 4.95331 4.95331
867 4.95331 4.95331
868 4.95331 4.95331
869 4.95331 4.95331
870 4.95331 4.95331
871 4.95331 4.95331
872 4.95331 4.95331
873 4.95331 4.95331
874 4.95331 4.95331
875 4.95331 4.95331
876 4.95331 4.95331
877 4.95331 4.95331
878 4.95331 4.95331
879 4.95331 4.95331
880 4.95331 4.95331
881 4.95331 4.95331
882 4.95331 4.95331
883 4.95331 4.95331
884 4.95331 4.95331
885 4.95331 4.95331
886 4.95331 4.95331
887 4.95331 4.95331
888 4.95331 4.95331
889 4.95331 4.95331
890 4.95331 4.95331
891 4.95331 4.95331
892 4.95331 4.95331
893 4.95331 4.95331
894 4.95331 4.95331
895 4.95331 4.95331
896 4.95331 4.95331
897 4.95331 4.95331
898 4.95331 4.95331
899 4.95331 4.95331
900 4.95331 4.95331
901 4.95331 4.95331
902 4.95331 4.95331
903 4.95331 4.95331
904 4.95331 4.95331
905 4.95331 4.95331
906 4.95331 4.95331
907 4.95331 4.95331
908 4.95331 4.95331
909 4.95331 4.95331
910 4.95331 4.95331
911 4.95331 4.95331
912 4.95331 4.95331
913 4.95331 4.95331
914 4.95331 4.95331
915 4.95331 4.95331
916 4.95331 4.95331
917 4.95331 4.95331
918 4.95331 4.95331
919 4.95331 4.95331
920 4.95331 4.95331
921 4.95331 4.95331
922 4.95331 4.95331
923 4.95331 4.95331
924 4.95331 4.95331
925 4.95331 4.95331
926 4.95331 4.95331
927 4.95331 4.95331
928 4.95331 4.95331
929 4.95331 4.95331
930 4.95331 4.95331
931 4.95331 4.95331
932 4.95331 4.95331
933 4.95331 4.95331
934 4.95331 4.95331
935 4.95331 4.95331
936 4.95331 4.95331
937 4.95331 4.95331
938 4.95331 4.95331
939 4.95331 4.95331
940 4.95331 4.95331
941 4.95331 4.95331
942 4.95331 4.95331
943 4.95331 4.95331
944 4.95331 4.95331
945 4.95331 4.95331
946 4.95331 4.95331
947 4.95331 4.95331
948 4.95331 4.95331
949 4.95331 4.95331
950 4.95331 4.95331
951 4.95331 4.95331
952 4.95331 4.95331
953 4.95331 4.95331
954 4.95331 4.95331
955 4.95331 4.95331
956 4.95331 4.95331
957 4.95331 4.95331
958 4.95331 4.95331
959 4.95331 4.95331
960 4.95331 4.95331
961 4.95331 4.95331
962 4.95331 4.95331
963 4.95331 4.95331
964 4.95331 4.95331
965 4.95331 4.95331
966 4.95331 4.95331
967 4.95331 4.95331
968 4.95331 4.95331
969 4.95331 4.95331
970 4.95331 4.95331
971 4.95331 4.95331
972 4.95331 4.95331
973 4.95331 4.95331
974 4.95331 4.95331
975 4.95331 4.95331
976 4.95331 4.95331
977 4.95331 4.95331
978 4.95331 4.95331
979 4.95331 4.95331
980 4.95331 4.95331
981 4.95331 4.95331
982 4.95331 4.95331
983 4.95331 4.95331
984 4.95331 4.95331
985 4.95331 4.95331
986 4.95331 4.95331
987 4.95331 4.95331
988 4.95331 4.95331
989 4.95331 4.95331
990 4.95331 4.95331
991 4.95331 4.95331
992 4.95331 4.95331
993 4.95331 4.95331
994 4.95331 4.95331
995 4.95331 4.95331
996 4.95331 4.95331
997 4.95331 4.95331
998 4.95331 4.95331
999 4.95331 4.95331
1000 4.95331 4.95331
1001 4.95331 4.95331
1002 4.95331 4.95331
1003 4.95331 4.95331
1004 4.95331 4.95331
1005 4.95331 4.95331
1006 4.95331 4.95331
1007 4.95331 4.95331
1008 4.95331 4.95331
1009 4.95331 4.95331
1010 4.95331 4.95331
1011 4.95331 4.95331
1012 4.95331 4.95331
1013 4.95331 4.95331
1014 4.95331 4.95331
1015 4.95331 4.95331
1016 4.95331 4.95331
1017 4.95331 4.95331
1018 4.95331 4.95331
1019 4.95331 4.95331
1020 4.95331 4.95331
1021 4.95331 4.95331
1022 4.95331 4.95331
1023 4.95331 4.95331
1024 4.95331 4.95331
1025 4.95331 4.95331
1026 4.95331 4.95331
1027 4.95331 4.95331
1028 4.95331 4.95331
1029 4.95331 4.95331
1030 4.95331 4.95331
1031 4.95331 4.95331
1032 4.95331 4.95331
1033 4.95331 4.95331
1034 4.95331 4.95331
1035 4.95331 4.95331
1036 4.95331 4.95331
1037 4.95331 4.95331
1038 4.95331 4.95331
1039 4.95331 4.95331
1040 4.95331 4.95331
1041 4.95331 4.95331
1042 4.95331 4.95331
1043 4.95331 4.95331
1044 4.95331 4.95331
1045 4.95331 4.95331
1046 4.95331 4.95331
1047 4.95331 4.95331
1048 4.95331 4.95331
1049 4.95331 4.95331
1050 4.95331 4.95331
1051 4.95331 4.95331
1052 4.95331 4.95331
1053 4.95331 4.95331
1054 4.95331 4.95331
1055 4.95331 4.95331
1056 4.95331 4.95331
1057 4.95331 4.95331
1058 4.95331 4.95331
1059 4.95331 4.95331
1060 4.95331 4.95331
1061 4.95331 4.95331
1062 4.95331 4.95331
1063 4.95331 4.95331
1064 4.95331 4.95331
1065 4.95331 4.95331
1066 4.95331 4.95331
1067 4.95331 4.95331
1068 4.95331 4.95331
1069 4.95331 4.95331
1070 4.95331 4.95331
1071 4.95331 4.95331
1072 4.95331 4.95331
1073 4.95331 4.95331
1074 4.95331 4.95331
1075 4.95331 4.95331
1076 4.95331 4.95331
1077 4.95331 4.95331
1078 4.95331 4.95331
1079 4.95331 4.95331
1080 4.95331 4.95331
1081 4.95331 4.95331
1082 4.95331 4.95331
1083 4.95331 4.95331
1084 4.95331 4.95331
1085 4.95331 4.95331
1086 4.95331 4.95331
1087 4.95331 4.95331
1088 4.95331 4.95331
1089 4.95331 4.95331
1090 4.95331 4.95331
1091 4.95331 4.95331
1092 4.95331 4.95331
1093 4.95331 4.95331
1094 4.95331 4.95331
1095 4.95331 4.95331
1096 4.95331 4.95331
1097 4.95331 4.95331
1098 4.95331 4.95331
1099 4.95331 4.95331
1100 4.95331 4.95331
1101 4.95331 4.95331
1102 4.95331 4.95331
1103 4.95331 4.95331
1104 4.95331 4.95331
1105 4.95331 4.95331
1106 4.95331 4.95331
1107 4.95331 4.95331
1108 4.95331 4.95331
1109 4.95331 4.95331
1110 4.95331 4.95331
1111 4.95331 4.95331
1112 4.95331 4.95331
1113 4.95331 4.95331
1114 4.95331 4.95331
1115 4.95331 4.95331
1116 4.95331 4.95331
1117 4.95331 4.95331
1118 4.95331 4.95331
1119 4.95331 4.95331
1120 4.95331 4.95331
1121 4.95331 4.95331
1122 4.95331 4.95331
1123 4.95331 4.95331
1124 4.95331 4.95331
1125 4.95331 4.95331
1126 4.95331 4.95331
1127 4.95331 4.95331
1128 4.95331 4.95331
1129 4.95331 4.95331
1130 4.95331 4.95331
1131 4.95331 4.95331
1132 4.95331 4.95331
1133 4.95331 4.95331
1134 4.95331 4.95331
1135 4.95331 4.95331
1136 4.95331 4.95331
1137 4.95331 4.95331
1138 4.95331 4.95331
1139 4.95331 4.95331
1140 4.95331 4.95331
1141 4.95331 4.95331
1142 4.95331 4.95331
1143 4.95331 4.95331
1144 4.95331 4.95331
1145 4.95331 4.95331
1146 4.95331 4.95331
1147 4.95331 4.95331
1148 4.95331 4.95331
1149 4.95331 4.95331
1150 4.95331 4.95331
1151 4.95331 4.95331
1152 4.95331 4.95331
1153 4.95331 4.95331
1154 4.95331 4.95331
1155 4.95331 4.95331
1156 4.95331 4.95331
1157 4.95331 4.95331
1158 4.95331 4.95331
1159 4.95331 4.95331
1160 4.95331 4.95331
1161 4.95331 4.95331
1162 4.95331 4.95331
1163 4.95331 4.95331
1164 4.95331 4.95331
1165 4.95331 4.95331
1166 4.95331 4.95331
1167 4.95331 4.95331
1168 4.95331 4.95331
1169 4.95331 4.95331
1170 4.95331 4.95331
1171 4.95331 4.95331
1172 4.95331 4.95331
1173 4.95331 4.95331
1174 4.95331 4.95331
1175 4.95331 4.95331
1176 4.95331 4.95331
1177 4.95331 4.95331
1178 4.95331 4.95331
1179 4.95331 4.95331
1180 4.95331 4.95331
1181 4.95331 4.95331
1182 4.95331 4.95331
1183 4.95331 4.95331
1184 4.95331 4.95331
1185 4.95331 4.95331
1186 4.95331 4.95331
1187 4.95331 4.95331
1188 4.95331 4.95331
1189 4.95331 4.95331
1190 4.95331 4.95331
1191 4.95331 4.95331
1192 4.95331 4.95331
1193 4.95331 4.95331
1194 4.95331 4.95331
1195 4.95331 4.95331
1196 4.95331 4.95331
1197 4.95331 4.95331
1198 4.95331 4.95331
1199 4.95331 4.95331
1200 4.95331 4.95331
1201 4.95331 4.95331
1202 4.95331 4.95331
1203 4.95331 4.95331
1204 4.95331 4.95331
1205 4.95331 4.95331
1206 4.95331 4.95331
1207 4.95331 4.95331
1208 4.95331 4.95331
1209 4.95331 4.95331
1210 4.95331 4.95331
1211 4.95331 4.95331
1212 4.95331 4.95331
1213 4.95331 4.95331
1214 4.95331 4.95331
1215 4.95331 4.95331
1216 4.95331 4.95331
1217 4.95331 4.95331
1218 4.95331 4.95331
1219 4.95331 4.95331
1220 4.95331 4.95331
1221 4.95331 4.95331
1222 4.95331 4.95331
1223 4.95331 4.95331
1224 4.95331 4.95331
1225 4.95331 4.95331
1226 4.95331 4.95331
1227 4.95331 4.95331
1228 4.95331 4.95331
1229 4.95331 4.95331
1230 4.95331 4.95331
1231 4.95331 4.95331
1232 4.95331 4.95331
1233 4.95331 4.95331
1234 4.95331 4.95331
1235 4.95331 4.95331
1236 4.95331 4.95331
1237 4.95331 4.95331
1238 4.95331 4.95331
1239 4.95331 4.95331
1240 4.95331 4.95331
1241 4.95331 4.95331
1242 4.95331 4.95331
1243 4.95331 4.95331
1244 4.95331 4.95331
1245 4.95331 4.95331
1246 4.95331 4.95331
1247 4.95331 4.95331
1248 4.95331 4.95331
1249 4.95331 4.95331
1250 4.95331 4.95331
1251 4.95331 4.95331
1252 4.95331 4.95331
1253 4.95331 4.95331
1254 4.95331 4.95331
1255 4.95331 4.95331
1256 4.95331 4.95331
1257 4.95331 4.95331
1258 4.95331 4.95331
1259 4.95331 4.95331
1260 4.95331 4.95331
1261 4.95331 4.95331
1262 4.95331 4.95331
1263 4.95331 4.95331
1264 4.95331 4.95331
1265 4.95331 4.95331
1266 4.95331 4.95331
1267 4.95331 4.95331
1268 4.95331 4.95331
1269 4.95331 4.95331
1270 4.95331 4.95331
1271 4.95331 4.95331
1272 4.95331 4.95331
1273 4.95331 4.95331
1274 4.95331 4.95331
1275 4.95331 4.95331
1276 4.95331 4.95331
1277 4.95331 4.95331
1278 4.95331 4.95331
1279 4.95331 4.95331
1280 4.95331 4.95331
1281 4.95331 4.95331
1282 4.95331 4.95331
1283 4.95331 4.95331
1284 4.95331 4.95331
1285 4.95331 4.95331
1286 4.95331 4.95331
1287 4.95331 4.95331
1288 4.95331 4.95331
1289 4.95331 4.95331
1290 4.95331 4.95331
1291 4.95331 4.95331
1292 4.95331 4.95331
1293 4.95331 4.95331
1294 4.95331 4.95331
1295 4.95331 4.95331
1296 4.95331 4.95331
1297 4.95331 4.95331
1298 4.95331 4.95331
1299 4.95331 4.95331
1300 4.95331 4.95331
1301 4.95331 4.95331
1302 4.95331 4.95331
1303 4.95331 4.95331
1304 4.95331 4.95331
1305 4.95331 4.95331
1306 4.95331 4.95331
1307 4.95331 4.95331
1308 4.95331 4.95331
1309 4.95331 4.95331
1310 4.95331 4.95331
1311 4.95331 4.95331
1312 4.95331 4.95331
1313 4.95331 4.95331
1314 4.95331 4.95331
1315 4.95331 4.95331
1316 4.95331 4.95331
1317 4.95331 4.95331
1318 4.95331 4.95331
1319 4.95331 4.95331
1320 4.95331 4.95331
1321 4.95331 4.95331
1322 4.95331 4.95331
1323 4.95331 4.95331
1324 4.95331 4.95331
1325 4.95331 4.95331
1326 4.95331 4.95331
1327 4.95331 4.95331
1328 4.95331 4.95331
1329 4.95331 4.95331
1330 4.95331 4.95331
1331 4.95331 4.95331
1332 4.95331 4.95331
1333 4.95331 4.95331
1334 4.95331 4.95331
1335 4.95331 4.95331
1336 4.95331 4.95331
1337 4.95331 4.95331
1338 4.95331 4.95331
1339 4.95331 4.95331
1340 4.95331 4.95331
1341 4.95331 4.95331
1342 4.95331 4.95331
1343 4.95331 4.95331
1344 4.95331 4.95331
1345 4.95331 4.95331
1346 4.95331 4.95331
1347 4.95331 4.95331
1348 4.95331 4.95331
1349 4.95331 4.95331
1350 4.95331 4.95331
1351 4.95331 4.95331
1352 4.95331 4.95331
1353 4.95331 4.95331
1354 4.95331 4.95331
1355 4.95331 4.95331
1356 4.95331 4.95331
1357 4.95331 4.95331
1358 4.95331 4.95331
1359 4.95331 4.95331
1360 4.95331 4.95331
1361 4.95331 4.95331
1362 4.95331 4.95331
1363 4.95331 4.95331
1364 4.95331 4.95331
1365 4.95331 4.95331
1366 4.95331 4.95331
1367 4.95331 4.95331
1368 4.95331 4.95331
1369 4.95331 4.95331
1370 4.95331 4.95331
1371 4.95331 4.95331
1372 4.95331 4.95331
1373 4.95331 4.95331
1374 4.95331 4.95331
1375 4.95331 4.95331
1376 4.95331 4.95331
1377 4.95331 4.95331
1378 4.95331 4.95331
1379 4.95331 4.95331
1380 4.95331 4.95331
1381 4.95331 4.95331
1382 4.95331 4.95331
1383 4.95331 4.95331
1384 4.95331 4.95331
1385 4.95331 4.95331
1386 4.95331 4.95331
1387 4.95331 4.95331
1388 4.95331 4.95331
1389 4.95331 4.95331
1390 4.95331 4.95331
1391 4.95331 4.95331
1392 4.95331 4.95331
1393 4.95331 4.95331
1394 4.95331 4.95331
1395 4.95331 4.95331
1396 4.95331 4.95331
1397 4.95331 4.95331
1398 4.95331 4.95331
1399 4.95331 4.95331
1400 4.95331 4.95331
1401 4.95331 4.95331
1402 4.95331 4.95331
1403 4.95331 4.95331
1404 4.95331 4.95331
1405 4.95331 4.95331
1406 4.95331 4.95331
1407 4.95331 4.95331
1408 4.95331 4.95331
1409 4.95331 4.95331
1410 4.95331 4.95331
1411 4.95331 4.95331
1412 4.95331 4.95331
1413 4.95331 4.95331
1414 4.95331 4.95331
1415 4.95331 4.95331
1416 4.95331 4.95331
1417 4.95331 4.95331
1418 4.95331 4.95331
1419 4.95331 4.95331
1420 4.95331 4.95331
1421 4.95331 4.95331
1422 4.95331 4.95331
1423 4.95331 4.95331
1424 4.95331 4.95331
1425 4.95331 4.95331
1426 4.95331 4.95331
1427 4.95331 4.95331
1428 4.95331 4.95331
1429 4.95331 4.95331
1430 4.95331 4.95331
1431 4.95331 4.95331
1432 4.95331 4.95331
1433 4.95331 4.95331
1434 4.95331 4.95331
1435 4.95331 4.95331
1436 4.95331 4.95331
1437 4.95331 4.95331
1438 4.95331 4.95331
1439 4.95331 4.95331
1440 4.95331 4.95331
1441 4.95331 4.95331
1442 4.95331 4.95331
1443 4.95331 4.95331
1444 4.95331 4.95331
1445 4.95331 4.95331
1446 4.95331 4.95331
1447 4.95331 4.95331
1448 4.95331 4.95331
1449 4.95331 4.95331
1450 4.95331 4.95331
1451 4.95331 4.95331
1452 4.95331 4.95331
1453 4.95331 4.95331
1454 4.95331 4.95331
1455 4.95331 4.95331
1456 4.95331 4.95331
1457 4.95331 4.95331
1458 4.95331 4.95331
1459 4.95331 4.95331
1460 4.95331 4.95331
1461 4.95331 4.95331
1462 4.95331 4.95331
1463 4.95331 4.95331
1464 4.95331 4.95331
1465 4.95331 4.95331
1466 4.95331 4.95331
1467 4.95331 4.95331
1468 4.95331 4.95331
1469 4.95331 4.95331
1470 4.95331 4.95331
1471 4.95331 4.95331
1472 4.95331 4.95331
1473 4.95331 4.95331
1474 4.95331 4.95331
1475 4.95331 4.95331
1476 4.95331 4.95331
1477 4.95331 4.95331
1478 4.95331 4.95331
1479 4.95331 4.95331
1480 4.95331 4.95331
1481 4.95331 4.95331
1482 4.95331 4.95331
1483 4.95331 4.95331
1484 4.95331 4.95331
1485 4.95331 4.95331
1486 4.95331 4.95331
1487 4.95331 4.95331
1488 4.95331 4.95331
1489 4.95331 4.95331
1490 4.95331 4.95331
1491 4.95331 4.95331
1492 4.95331 4.95331
1493 4.95331 4.95331
1494 4.95331 4.95331
1495 4.95331 4.95331
1496 4.95331 4.95331
1497 4.95331 4.95331
1498 4.95331 4.95331
1499 4.95331 4.95331
1500 4.95331 4.95331
1501 4.95331 4.95331
1502 4.95331 4.95331
1503 4.95331 4.95331
1504 4.95331 4.95331
1505 4.95331 4.95331
1506 4.95331 4.95331
1507 4.95331 4.95331
1508 4.95331 4.95331
1509 4.95331 4.95331
1510 4.95331 4.95331
1511 4.95331 4.95331
1512 4.95331 4.95331
1513 4.95331 4.95331
1514 4.95331 4.95331
1515 4.95331 4.95331
1516 4.95331 4.95331
1517 4.95331 4.95331
1518 4.95331 4.95331
1519 4.95331 4.95331
1520 4.95331 4.95331
1521 4.95331 4.95331
1522 4.95331 4.95331
1523 4.95331 4.95331
1524 4.95331 4.95331
1525 4.95331 4.95331
1526 4.95331 4.95331
1527 4.95331 4.95331
1528 4.95331 4.95331
1529 4.95331 4.95331
1530 4.95331 4.95331
1531 4.95331 4.95331
1532 4.95331 4.95331
1533 4.95331 4.95331
1534 4.95331 4.95331
1535 4.95331 4.95331
1536 4.95331 4.95331
1537 4.95331 4.95331
1538 4.95331 4.95331
1539 4.95331 4.95331
1540 4.95331 4.95331
1541 4.95331 4.95331
1542 4.95331 4.95331
1543 4.95331 4.95331
1544 4.95331 4.95331
1545 4.95331 4.95331
1546 4.95331 4.95331
1547 4.95331 4.95331
1548 4.95331 4.95331
1549 4.95331 4.95331
1550 4.95331 4.95331
1551 4.95331 4.95331
1552 4.95331 4.95331
1553 4.95331 4.95331
1554 4.95331 4.95331
1555 4.95331 4.95331
1556 4.95331 4.95331
1557 4.95331 4.95331
1558 4.95331 4.95331
1559 4.95331 4.95331
1560 4.95331 4.95331
1561 4.95331 4.95331
1562 4.95331 4.95331
1563 4.95331 4.95331
1564 4.95331 4.95331
1565 4.95331 4.95331
1566 4.95331 4.95331
1567 4.95331 4.95331
1568 4.95331 4.95331
1569 4.95331 4.95331
1570 4.95331 4.95331
1571 4.95331 4.95331
1572 4.95331 4.95331
1573 4.95331 4.95331
1574 4.95331 4.95331
1575 4.95331 4.95331
1576 4.95331 4.95331
1577 4.95331 4.95331
1578 4.95331 4.95331
1579 4.95331 4.95331
1580 4.95331 4.95331
1581 4.95331 4.95331
1582 4.95331 4.95331
1583 4.95331 4.95331
1584 4.95331 4.95331
1585 4.95331 4.95331
1586 4.95331 4.95331
1587 4.95331 4.95331
1588 4.95331 4.95331
1589 4.95331 4.95331
1590 4.95331 4.95331
1591 4.95331 4.95331
1592 4.95331 4.95331
1593 4.95331 4.95331
1594 4.95331 4.95331
1595 4.95331 4.95331
1596 4.95331 4.95331
1597 4.95331 4.95331
1598 4.95331 4.95331
1599 4.95331 4.95331
1600 4.95331 4.95331
1601 4.95331 4.95331
1602 4.95331 4.95331
1603 4.95331 4.95331
1604 4.95331 4.95331
1605 4.95331 4.95331
1606 4.95331 4.95331
1607 4.95331 4.95331
1608 4.95331 4.95331
1609 4.95331 4.95331
1610 4.95331 4.95331
1611 4.95331 4.95331
1612 4.95331 4.95331
1613 4.95331 4.95331
1614 4.95331 4.95331
1615 4.95331 4.95331
1616 4.95331 4.95331
1617 4.95331 4.95331
1618 4.95331 4.95331
1619 4.95331 4.95331
1620 4.95331 4.95331
1621 4.95331 4.95331
1622 4.95331 4.95331
1623 4.95331 4.95331
1624 4.95331 4.95331
1625 4.95331 4.95331
1626 4.95331 4.95331
1627 4.95331 4.95331
1628 4.95331 4.95331
1629 4.95331 4.95331
1630 4.95331 4.95331
1631 4.95331 4.95331
1632 4.95331 4.95331
1633 4.95331 4.95331
1634 4.95331 4.95331
1635 4.95331 4.95331
1636 4.95331 4.95331
1637 4.95331 4.95331
1638 4.95331 4.95331
1639 4.95331 4.95331
1640 4.95331 4.95331
1641 4.95331 4.95331
1642 4.95331 4.95331
1643 4.95331 4.95331
1644 4.95331 4.95331
1645 4.95331 4.95331
1646 4.95331 4.95331
1647 4.95331 4.95331
1648 4.95331 4.95331
1649 4.95331 4.95331
1650 4.95331 4.95331
1651 4.95331 4.95331
1652 4.95331 4.95331
1653 4.95331 4.95331
1654 4.95331 4.95331
1655 4.95331 4.95331
1656 4.95331 4.95331
1657 4.95331 4.95331
1658 4.95331 4.95331
1659 4.95331 4.95331
1660 4.95331 4.95331
1661 4.95331 4.95331
1662 4.95331 4.95331
1663 4.95331 4.95331
1664 4.95331 4.95331
1665 4.95331 4.95331
1666 4.95331 4.95331
1667 4.95331 4.95331
1668 4.95331 4.95331
1669 4.95331 4.95331
1670 4.95331 4.95331
1671 4.95331 4.95331
1672 4.95331 4.95331
1673 4.95331 4.95331
1674 4.95331 4.95331
1675 4.95331 4.95331
1676 4.95331 4.95331
1677 4.95331 4.95331
1678 4.95331 4.95331
1679 4.95331 4.95331
1680 4.95331 4.95331
1681 4.95331 4.95331
1682 4.95331 4.95331
1683 4.95331 4.95331
1684 4.95331 4.95331
1685 4.95331 4.95331
1686 4.95331 4.95331
1687 4.95331 4.95331
1688 4.95331 4.95331
1689 4.95331 4.95331
1690 4.95331 4.95331
1691 4.95331 4.95331
1692 4.95331 4.95331
1693 4.95331 4.95331
1694 4.95331 4.95331
1695 4.95331 4.95331
1696 4.95331 4.95331
1697 4.95331 4.95331
1698 4.95331 4.95331
1699 4.95331 4.95331
1700 4.95331 4.95331
1701 4.95331 4.95331
1702 4.95331 4.95331
1703 4.95331 4.95331
1704 4.95331 4.95331
1705 4.95331 4.95331
1706 4.95331 4.95331
1707 4.95331 4.95331
1708 4.95331 4.95331
1709 4.95331 4.95331
1710 4.95331 4.95331
1711 4.95331 4.95331
1712 4.95331 4.95331
1713 4.95331 4.95331
1714 4.95331 4.95331
1715 4.95331 4.95331
1716 4.95331 4.95331
1717 4.95331 4.95331
1718 4.95331 4.95331
1719 4.95331 4.95331
1720 4.95331 4.95331
1721 4.95331 4.95331
1722 4.95331 4.95331
1723 4.95331 4.95331
1724 4.95331 4.95331
1725 4.95331 4.95331
1726 4.95331 4.95331
1727 4.95331 4.95331
1728 4.95331 4.95331
1729 4.95331 4.95331
1730 4.95331 4.95331
1731 4.95331 4.95331
1732 4.95331 4.95331
1733 4.95331 4.95331
1734 4.95331 4.95331
1735 4.95331 4.95331
1736 4.95331 4.95331
1737 4.95331 4.95331
1738 4.95331 4.95331
1739 4.95331 4.95331
1740 4.95331 4.95331
1741 4.95331 4.95331
1742 4.95331 4.95331
1743 4.95331 4.95331
1744 4.95331 4.95331
1745 4.95331 4.95331
1746 4.95331 4.95331
1747 4.95331 4.95331
1748 4.95331 4.95331
1749 4.95331 4.95331
1750 4.95331 4.95331
1751 4.95331 4.95331
1752 4.95331 4.95331
1753 4.95331 4.95331
1754 4.95331 4.95331
1755 4.95331 4.95331
1756 4.95331 4.95331
1757 4.95331 4.95331
1758 4.95331 4.95331
1759 4.95331 4.95331
1760 4.95331 4.95331
1761 4.95331 4.95331
1762 4.95331 4.95331
1763 4.95331 4.95331
1764 4.95331 4.95331
1765 4.95331 4.95331
1766 4.95331 4.95331
1767 4.95331 4.95331
1768 4.95331 4.95331
1769 4.95331 4.95331
1770 4.95331 4.95331
1771 4.95331 4.95331
1772 4.95331 4.95331
1773 4.95331 4.95331
1774 4.95331 4.95331
1775 4.95331 4.95331
1776 4.95331 4.95331
1777 4.95331 4.95331
1778 4.95331 4.95331
1779 4.95331 4.95331
1780 4.95331 4.95331
1781 4.95331 4.95331
1782 4.95331 4.95331
1783 4.95331 4.95331
1784 4.95331 4.95331
1785 4.95331 4.95331
1786 4.95331 4.95331
1787 4.95331 4.95331
1788 4.95331 4.95331
1789 4.95331 4.95331
1790 4.95331 4.95331
1791 4.95331 4.95331
1792 4.95331 4.95331
1793 4.95331 4.95331
1794 4.95331 4.95331
1795 4.95331 4.95331
1796 4.95331 4.95331
1797 4.95331 4.95331
1798 4.95331 4.95331
1799 4.95331 4.95331
1800 4.95331 4.95331
1801 4.95331 4.95331
1802 4.95331 4.95331
1803 4.95331 4.95331
1804 4.95331 4.95331
1805 4.95331 4.95331
1806 4.95331 4.95331
1807 4.95331 4.95331
1808 4.95331 4.95331
1809 4.95331 4.95331
1810 4.95331 4.95331
1811 4.95331 4.95331
1812 4.95331 4.95331
1813 4.95331 4.95331
1814 4.95331 4.95331
1815 4.95331 4.95331
1816 4.95331 4.95331
1817 4.95331 4.95331
1818 4.95331 4.95331
1819 4.95331 4.95331
1820 4.95331 4.95331
1821 4.95331 4.95331
1822 4.95331 4.95331
1823 4.95331 4.95331
1824 4.95331 4.95331
1825 4.95331 4.95331
1826 4.95331 4.95331
1827 4.95331 4.95331
1828 4.95331 4.95331
1829 4.95331 4.95331
1830 4.95331 4.95331
1831 4.95331 4.95331
1832 4.95331 4.95331
1833 4.95331 4.95331
1834 4.95331 4.95331
1835 4.95331 4.95331
1836 4.95331 4.95331
1837 4.95331 4.95331
1838 4.95331 4.95331
1839 4.95331 4.95331
1840 4.95331 4.95331
1841 4.95331 4.95331
1842 4.95331 4.95331
1843 4.95331 4.95331
1844 4.95331 4.95331
1845 4.95331 4.95331
1846 4.95331 4.95331
1847 4.95331 4.95331
1848 4.95331 4.95331
1849 4.95331 4.95331
1850 4.95331 4.95331
1851 4.95331 4.95331
1852 4.95331 4.95331
1853 4.95331 4.95331
1854 4.95331 4.95331
1855 4.95331 4.95331
1856 4.95331 4.95331
1857 4.95331 4.95331
1858 4.95331 4.95331
1859 4.95331 4.95331
1860 4.95331 4.95331
1861 4.95331 4.95331
1862 4.95331 4.95331
1863 4.95331 4.95331
1864 4.95331 4.95331
1865 4.95331 4.95331
1866 4.95331 4.95331
1867 4.95331 4.95331
1868 4.95331 4.95331
1869 4.95331 4.95331
1870 4.95331 4.95331
1871 4.95331 4.95331
1872 4.95331 4.95331
1873 4.95331 4.95331
1874 4.95331 4.95331
1875 4.95331 4.95331
1876 4.95331 4.95331
1877 4.95331 4.95331
1878 4.95331 4.95331
1879 4.95331 4.95331
1880 4.95331 4.95331
1881 4.95331 4.95331
1882 4.95331 4.95331
1883 4.95331 4.95331
1884 4.95331 4.95331
1885 4.95331 4.95331
1886 4.95331 4.95331
1887 4.95331 4.95331
1888 4.95331 4.95331
1889 4.95331 4.95331
1890 4.95331 4.95331
1891 4.95331 4.95331
1892 4.95331 4.95331
1893 4.95331 4.95331
1894 4.95331 4.95331
1895 4.95331 4.95331
1896 4.95331 4.95331
1897 4.95331 4.95331
1898 4.95331 4.95331
1899 4.95331 4.95331
1900 4.95331 4.95331
1901 4.95331 4.95331
1902 4.95331 4.95331
1903 4.95331 4.95331
1904 4.95331 4.95331
1905 4.95331 4.95331
1906 4.95331 4.95331
1907 4.95331 4.95331
1908 4.95331 4.95331
1909 4.95331 4.95331
1910 4.95331 4.95331
1911 4.95331 4.95331
1912 4.95331 4.95331
1913 4.95331 4.95331
1914 4.95331 4.95331
1915 4.95331 4.95331
1916 4.95331 4.95331
1917 4.95331 4.95331
1918 4.95331 4.95331
1919 4.95331 4.95331
1920 4.95331 4.95331
1921 4.95331 4.95331
1922 4.95331 4.95331
1923 4.95331 4.95331
1924 4.95331 4.95331
1925 4.95331 4.95331
1926 4.95331 4.95331
1927 4.95331 4.95331
1928 4.95331 4.95331
1929 4.95331 4.95331
1930 4.95331 4.95331
1931 4.95331 4.95331
1932 4.95331 4.95331
1933 4.95331 4.95331
1934 4.95331 4.95331
1935 4.95331 4.95331
1936 4.95331 4.95331
1937 4.95331 4.95331
1938 4.95331 4.95331
1939 4.95331 4.95331
1940 4.95331 4.95331
1941 4.95331 4.95331
1942 4.95331 4.95331
1943 4.95331 4.95331
1944 4.95331 4.95331
1945 4.95331 4.95331
1946 4.95331 4.95331
1947 4.95331 4.95331
1948 4.95331 4.95331
1949 4.95331 4.95331
1950 4.95331 4.95331
1951 4.95331 4.95331
1952 4.95331 4.95331
1953 4.95331 4.95331
1954 4.95331 4.95331
1955 4.95331 4.95331
1956 4.95331 4.95331
1957 4.95331 4.95331
1958 4.95331 4.95331
1959 4.95331 4.95331
1960 4.95331 4.95331
1961 4.95331 4.95331
1962 4.95331 4.95331
1963 4.95331 4.95331
1964 4.95331 4.95331
1965 4.95331 4.95331
1966 4.95331 4.95331
1967 4.95331 4.95331
1968 4.95331 4.95331
1969 4.95331 4.95331
1970 4.95331 4.95331
1971 4.95331 4.95331
1972 4.95331 4.95331
1973 4.95331 4.95331
1974 4.95331 4.95331
1975 4.95331 4.95331
1976 4.95331 4.95331
1977 4.95331 4.95331
1978 4.95331 4.95331
1979 4.95331 4.95331
1980 4.95331 4.95331
1981 4.95331 4.95331
1982 4.95331 4.95331
1983 4.95331 4.95331
1984 4.95331 4.95331
1985 4.95331 4.95331
1986 4.95331 4.95331
1987 4.95331 4.95331
1988 4.95331 4.95331
1989 4.95331 4.95331
1990 4.95331 4.95331
1991 4.95331 4.95331
1992 4.95331 4.95331
1993 4.95331 4.95331
1994 4.95331 4.95331
1995 4.95331 4.95331
1996 4.95331 4.95331
1997 4.95331 4.95331
1998 4.95331 4.95331
1999 4.95331 4.95331
2000 4.95331 4.95331
2001 4.95331 4.95331
2002 4.95331 4.95331
2003 4.95331 4.95331
2004 4.95331 4.95331
2005 4.95331 4.95331
2006 4.95331 4.95331
2007 4.95331 4.95331
2008 4.95331 4.95331
2009 4.95331 4.95331
2010 4.95331 4.95331
2011 4.95331 4.95331
2012 4.95331 4.95331
2013 4.95331 4.95331
2014 4.95331 4.95331
2015 4.95331 4.95331
2016 4.95331 4.95331
2017 4.95331 4.95331
2018 4.95331 4.95331
2019 4.95331 4.95331
2020 4.95331 4.95331
2021 4.95331 4.95331
2022 4.95331 4.95331
2023 4.95331 4.95331
2024 4.95331 4.95331
2025 4.95331 4.95331
2026 4.95331 4.95331
2027 4.95331 4.95331
2028 4.95331 4.95331
2029 4.95331 4.95331
2030 4.95331 4.95331
2031 4.95331 4.95331
2032 4.95331 4.95331
2033 4.95331 4.95331
2034 4.95331 4.95331
2035 4.95331 4.95331
2036 4.95331 4.95331
2037 4.95331 4.95331
2038 4.95331 4.95331
2039 4.95331 4.95331
2040 4.95331 4.95331
2041 4.95331 4.95331
2042 4.95331 4.95331
2043 4.95331 4.95331
2044 4.95331 4.95331
2045 4.95331 4.95331
2046 4.95331 4.95331
2047 4.95331 4.95331
2048 4.95331 4.95331
2049 4.95331 4.95331
2050 4.95331 4.95331
2051 4.95331 4.95331
2052 4.95331 4.95331
2053 4.95331 4.95331
2054 4.95331 4.95331
2055 4.95331 4.95331
2056 4.95331 4.95331
2057 4.95331 4.95331
2058 4.95331 4.95331
2059 4.95331 4.95331
2060 4.95331 4.95331
2061 4.95331 4.95331
2062 4.95331 4.95331
2063 4.95331 4.95331
2064 4.95331 4.95331
2065 4.95331 4.95331
2066 4.95331 4.95331
2067 4.95331 4.95331
2068 4.95331 4.95331
2069 4.95331 4.95331
2070 4.95331 4.95331
2071 4.95331 4.95331
2072 4.95331 4.95331
2073 4.95331 4.95331
2074 4.95331 4.95331
2075 4.95331 4.95331
2076 4.95331 4.95331
2077 4.95331 4.95331
2078 4.95331 4.95331
2079 4.95331 4.95331
2080 4.95331 4.95331
2081 4.95331 4.95331
2082 4.95331 4.95331
2083 4.95331 4.95331
2084 4.95331 4.95331
2085 4.95331 4.95331
2086 4.95331 4.95331
2087 4.95331 4.95331
2088 4.95331 4.95331
2089 4.95331 4.95331
2090 4.95331 4.95331
2091 4.95331 4.95331
2092 4.95331 4.95331
2093 4.95331 4.95331
2094 4.95331 4.95331
2095 4.95331 4.95331
2096 4.95331 4.95331
2097 4.95331 4.95331
2098 4.95331 4.95331
2099 4.95331 4.95331
2100 4.95331 4.95331
2101 4.95331 4.95331
2102 4.95331 4.95331
2103 4.95331 4.95331
2104 4.95331 4.95331
2105 4.95331 4.95331
2106 4.95331 4.95331
2107 4.95331 4.95331
2108 4.95331 4.95331
2109 4.95331 4.95331
2110 4.95331 4.95331
2111 4.95331 4.95331
2112 4.95331 4.95331
2113 4.95331 4.95331
2114 4.95331 4.95331
2115 4.95331 4.95331
2116 4.95331 4.95331
2117 4.95331 4.95331
2118 4.95331 4.95331
2119 4.95331 4.95331
2120 4.95331 4.95331
2121 4.95331 4.95331
2122 4.95331 4.95331
2123 4.95331 4.95331
2124 4.95331 4.95331
2125 4.95331 4.95331
2126 4.95331 4.95331
2127 4.95331 4.95331
2128 4.95331 4.95331
2129 4.95331 4.95331
2130 4.95331 4.95331
2131 4.95331 4.95331
2132 4.95331 4.95331
2133 4.95331 4.95331
2134 4.95331 4.95331
2135 4.95331 4.95331
2136 4.95331 4.95331
2137 4.95331 4.95331
2138 4.95331 4.95331
2139 4.95331 4.95331
2140 4.95331 4.95331
2141 4.95331 4.95331
2142 4.95331 4.95331
2143 4.95331 4.95331
2144 4.95331 4.95331
2145 4.95331 4.95331
2146 4.95331 4.95331
2147 4.95331 4.95331
2148 4.95331 4.95331
2149 4.95331 4.95331
2150 4.95331 4.95331
2151 4.95331 4.95331
2152 4.95331 4.95331
2153 4.95331 4.95331
2154 4.95331 4.95331
2155 4.95331 4.95331
2156 4.95331 4.95331
2157 4.95331 4.95331
2158 4.95331 4.95331
2159 4.95331 4.95331
2160 4.95331 4.95331
2161 4.95331 4.95331
2162 4.95331 4.95331
2163 4.95331 4.95331
2164 4.95331 4.95331
2165 4.95331 4.95331
2166 4.95331 4.95331
2167 4.95331 4.95331
2168 4.95331 4.95331
2169 4.95331 4.95331
2170 4.95331 4.95331
2171 4.95331 4.95331
2172 4.95331 4.95331
2173 4.95331 4.95331
2174 4.95331 4.95331
2175 4.95331 4.95331
2176 4.95331 4.95331
2177 4.95331 4.95331
2178 4.95331 4.95331
2179 4.95331 4.95331
2180 4.95331 4.95331
2181 4.95331 4.95331
2182 4.95331 4.95331
2183 4.95331 4.95331
2184 4.95331 4.95331
2185 4.95331 4.95331
2186 4.95331 4.95331
2187 4.95331 4.95331
2188 4.95331 4.95331
2189 4.95331 4.95331
2190 4.95331 4.95331
2191 4.95331 4.95331
2192 4.95331 4.95331
2193 4.95331 4.95331
2194 4.95331 4.95331
2195 4.95331 4.95331
2196 4.95331 4.95331
2197 4.95331 4.95331
2198 4.95331 4.95331
2199 4.95331 4.95331
2200 4.95331 4.95331
2201 4.95331 4.95331
2202 4.95331 4.95331
2203 4.95331 4.95331
2204 4.95331 4.95331
2205 4.95331 4.95331
2206 4.95331 4.95331
2207 4.95331 4.95331
2208 4.95331 4.95331
2209 4.95331 4.95331
2210 4.95331 4.95331
2211 4.95331 4.95331
2212 4.95331 4.95331
2213 4.95331 4.95331
2214 4.95331 4.95331
2215 4.95331 4.95331
2216 4.95331 4.95331
2217 4.95331 4.95331
2218 4.95331 4.95331
2219 4.95331 4.95331
2220 4.95331 4.95331
2221 4.95331 4.95331
2222 4.95331 4.95331
2223 4.95331 4.95331
2224 4.95331 4.95331
2225 4.95331 4.95331
2226 4.95331 4.95331
2227 4.95331 4.95331
2228 4.95331 4.95331
2229 4.95331 4.95331
2230 4.95331 4.95331
2231 4.95331 4.95331
2232 4.95331 4.95331
2233 4.95331 4.95331
2234 4.95331 4.95331
2235 4.95331 4.95331
2236 4.95331 4.95331
2237 4.95331 4.95331
2238 4.95331 4.95331
2239 4.95331 4.95331
2240 4.95331 4.95331
2241 4.95331 4.95331
2242 4.95331 4.95331
2243 4.95331 4.95331
2244 4.95331 4.95331
2245 4.95331 4.95331
2246 4.95331 4.95331
2247 4.95331 4.95331
2248 4.95331 4.95331
2249 4.95331 4.95331
2250 4.95331 4.95331
2251 4.95331 4.95331
2252 4.95331 4.95331
2253 4.95331 4.95331
2254 4.95331 4.95331
2255 4.95331 4.95331
2256 4.95331 4.95331
2257 4.95331 4.95331
2258 4.95331 4.95331
2259 4.95331 4.95331
2260 4.95331 4.95331
2261 4.95331 4.95331
2262 4.95331 4.95331
2263 4.95331 4.95331
2264 4.95331 4.95331
2265 4.95331 4.95331
2266 4.95331 4.95331
2267 4.95331 4.95331
2268 4.95331 4.95331
2269 4.95331 4.95331
2270 4.95331 4.95331
2271 4.95331 4.95331
2272 4.95331 4.95331
2273 4.95331 4.95331
2274 4.95331 4.95331
2275 4.95331 4.95331
2276 4.95331 4.95331
2277 4.95331 4.95331
2278 4.95331 4.95331
2279 4.95331 4.95331
2280 4.95331 4.95331
2281 4.95331 4.95331
2282 4.95331 4.95331
2283 4.95331 4.95331
2284 4.95331 4.95331
2285 4.95331 4.95331
2286 4.95331 4.95331
2287 4.95331 4.95331
2288 4.95331 4.95331
2289 4.95331 4.95331
2290 4.95331 4.95331
2291 4.95331 4.95331
2292 4.95331 4.95331
2293 4.95331 4.95331
2294 4.95331 4.95331
2295 4.95331 4.95331
2296 4.95331 4.95331
2297 4.95331 4.95331
2298 4.95331 4.95331
2299 4.95331 4.95331
2300 4.95331 4.95331
2301 4.95331 4.95331
2302 4.95331 4.95331
2303 4.95331 4.95331
2304 4.95331 4.95331
2305 4.95331 4.95331
2306 4.95331 4.95331
2307 4.95331 4.95331
2308 4.95331 4.95331
2309 4.95331 4.95331
2310 4.95331 4.95331
2311 4.95331 4.95331
2312 4.95331 4.95331
2313 4.95331 4.95331
2314 4.95331 4.95331
2315 4.95331 4.95331
2316 4.95331 4.95331
2317 4.95331 4.95331
2318 4.95331 4.95331
2319 4.95331 4.95331
2320 4.95331 4.95331
2321 4.95331 4.95331
2322 4.95331 4.95331
2323 4.95331 4.95331
2324 4.95331 4.95331
2325 4.95331 4.95331
2326 4.95331 4.95331
2327 4.95331 4.95331
2328 4.95331 4.95331
2329 4.95331 4.95331
2330 4.95331 4.95331
2331 4.95331 4.95331
2332 4.95331 4.95331
2333 4.95331 4.95331
2334 4.95331 4.95331
2335 4.95331 4.95331
2336 4.95331 4.95331
2337 4.95331 4.95331
2338 4.95331 4.95331
2339 4.95331 4.95331
2340 4.95331 4.95331
2341 4.95331 4.95331
2342 4.95331 4.95331
2343 4.95331 4.95331
2344 4.95331 4.95331
2345 4.95331 4.95331
2346 4.95331 4.95331
2347 4.95331 4.95331
2348 4.95331 4.95331
2349 4.95331 4.95331
2350 4.95331 4.95331
2351 4.95331 4.95331
2352 4.95331 4.95331
2353 4.95331 4.95331
2354 4.95331 4.95331
2355 4.95331 4.95331
2356 4.95331 4.95331
2357 4.95331 4.95331
2358 4.95331 4.95331
2359 4.95331 4.95331
2360 4.95331 4.95331
2361 4.95331 4.95331
2362 4.95331 4.95331
2363 4.95331 4.95331
2364 4.95331 4.95331
2365 4.95331 4.95331
2366 4.95331 4.95331
2367 4.95331 4.95331
2368 4.95331 4.95331
2369 4.95331 4.95331
2370 4.95331 4.95331
2371 4.95331 4.95331
2372 4.95331 4.95331
2373 4.95331 4.95331
2374 4.95331 4.95331
2375 4.95331 4.95331
2376 4.95331 4.95331
2377 4.95331 4.95331
2378 4.95331 4.95331
2379 4.95331 4.95331
2380 4.95331 4.95331
2381 4.95331 4.95331
2382 4.95331 4.95331
2383 4.95331 4.95331
2384 4.95331 4.95331
2385 4.95331 4.95331
2386 4.95331 4.95331
2387 4.95331 4.95331
2388 4.95331 4.95331
2389 4.95331 4.95331
2390 4.95331 4.95331
2391 4.95331 4.95331
2392 4.95331 4.95331
2393 4.95331 4.95331
2394 4.95331 4.95331
2395 4.95331 4.95331
2396 4.95331 4.95331
2397 4.95331 4.95331
2398 4.95331 4.95331
2399 4.95331 4.95331
2400 4.95331 4.95331
2401 4.95331 4.95331
2402 4.95331 4.95331
2403 4.95331 4.95331
2404 4.95331 4.95331
2405 4.95331 4.95331
2406 4.95331 4.95331
2407 4.95331 4.95331
2408 4.95331 4.95331
2409 4.95331 4.95331
2410 4.95331 4.95331
2411 4.95331 4.95331
2412 4.95331 4.95331
2413 4.95331 4.95331
2414 4.95331 4.95331
2415 4.95331 4.95331
2416 4.95331 4.95331
2417 4.95331 4.95331
2418 4.95331 4.95331
2419 4.95331 4.95331
2420 4.95331 4.95331
2421 4.95331 4.95331
2422 4.95331 4.95331
2423 4.95331 4.95331
2424 4.95331 4.95331
2425 4.95331 4.95331
2426 4.95331 4.95331
2427 4.95331 4.95331
2428 4.95331 4.95331
2429 4.95331 4.95331
2430 4.95331 4.95331
2431 4.95331 4.95331
2432 4.95331 4.95331
2433 4.95331 4.95331
2434 4.95331 4.95331
2435 4.95331 4.95331
2436 4.95331 4.95331
2437 4.95331 4.95331
2438 4.95331 4.95331
2439 4.95331 4.95331
2440 4.95331 4.95331
2441 4.95331 4.95331
2442 4.95331 4.95331
2443 4.95331 4.95331
2444 4.95331 4.95331
2445 4.95331 4.95331
2446 4.95331 4.95331
2447 4.95331 4.95331
2448 4.95331 4.95331
2449 4.95331 4.95331
2450 4.95331 4.95331
2451 4.95331 4.95331
2452 4.95331 4.95331
2453 4.95331 4.95331
2454 4.95331 4.95331
2455 4.95331 4.95331
2456 4.95331 4.95331
2457 4.95331 4.95331
2458 4.95331 4.95331
2459 4.95331 4.95331
2460 4.95331 4.95331
2461 4.95331 4.95331
2462 4.95331 4.95331
2463 4.95331 4.95331
2464 4.95331 4.95331
2465 4.95331 4.95331
2466 4.95331 4.95331
2467 4.95331 4.95331
2468 4.95331 4.95331
2469 4.95331 4.95331
2470 4.95331 4.95331
2471 4.95331 4.95331
2472 4.95331 4.95331
2473 4.95331 4.95331
2474 4.95331 4.95331
2475 4.95331 4.95331
2476 4.95331 4.95331
2477 4.95331 4.95331
2478 4.95331 4.95331
2479 4.95331 4.95331
2480 4.95331 4.95331
2481 4.95331 4.95331
2482 4.95331 4.95331
2483 4.95331 4.95331
2484 4.95331 4.95331
2485 4.95331 4.95331
2486 4.95331 4.95331
2487 4.95331 4.95331
2488 4.95331 4.95331
2489 4.95331 4.95331
2490 4.95331 4.95331
2491 4.95331 4.95331
2492 4.95331 4.95331
2493 4.95331 4.95331
2494 4.95331 4.95331
2495 4.95331 4.95331
2496 4.95331 4.95331
2497 4.95331 4.95331
2498 4.95331 4.95331
2499 4.95331 4.95331
2500 4.95331 4.95331
2501 4.95331 4.95331
2502 4.95331 4.95331
2503 4.95331 4.95331
2504 4.95331 4.95331
2505 4.95331 4.95331
2506 4.95331 4.95331
2507 4.95331 4.95331
2508 4.95331 4.95331
2509 4.95331 4.95331
2510 4.95331 4.95331
2511 4.95331 4.95331
2512 4.95331 4.95331
2513 4.95331 4.95331
2514 4.95331 4.95331
2515 4.95331 4.95331
2516 4.95331 4.95331
2517 4.95331 4.95331
2518 4.95331 4.95331
2519 4.95331 4.95331
2520 4.95331 4.95331
2521 4.95331 4.95331
2522 4.95331 4.95331
2523 4.95331 4.95331
2524 4.95331 4.95331
2525 4.95331 4.95331
2526 4.95331 4.95331
2527 4.95331 4.95331
2528 4.95331 4.95331
2529 4.95331 4.95331
2530 4.95331 4.95331
2531 4.95331 4.95331
2532 4.95331 4.95331
2533 4.95331 4.95331
2534 4.95331 4.95331
2535 4.95331 4.95331
2536 4.95331 4.95331
2537 4.95331 4.95331
2538 4.95331 4.95331
2539 4.95331 4.95331
2540 4.95331 4.95331
2541 4.95331 4.95331
2542 4.95331 4.95331
2543 4.95331 4.95331
2544 4.95331 4.95331
2545 4.95331 4.95331
2546 4.95331 4.95331
2547 4.95331 4.95331
2548 4.95331 4.95331
2549 4.95331 4.95331
2550 4.95331 4.95331
2551 4.95331 4.95331
2552 4.95331 4.95331
2553 4.95331 4.95331
2554 4.95331 4.95331
2555 4.95331 4.95331
2556 4.95331 4.95331
2557 4.95331 4.95331
2558 4.95331 4.95331
2559 4.95331 4.95331
2560 4.95331 4.95331
2561 4.95331 4.95331
2562 4.95331 4.95331
2563 4.95331 4.95331
2564 4.95331 4.95331
2565 4.95331 4.95331
2566 4.95331 4.95331
2567 4.95331 4.95331
2568 4.95331 4.95331
2569 4.95331 4.95331
2570 4.95331 4.95331
2571 4.95331 4.95331
2572 4.95331 4.95331
2573 4.95331 4.95331
2574 4.95331 4.95331
2575 4.95331 4.95331
2576 4.95331 4.95331
2577 4.95331 4.95331
2578 4.95331 4.95331
2579 4.95331 4.95331
2580 4.95331 4.95331
2581 4.95331 4.95331
2582 4.95331 4.95331
2583 4.95331 4.95331
2584 4.95331 4.95331
2585 4.95331 4.95331
2586 4.95331 4.95331
2587 4.95331 4.95331
2588 4.95331 4.95331
2589 4.95331 4.95331
2590 4.95331 4.95331
2591 4.95331 4.95331
2592 4.95331 4.95331
2593 4.95331 4.95331
2594 4.95331 4.95331
2595 4.95331 4.95331
2596 4.95331 4.95331
2597 4.95331 4.95331
2598 4.95331 4.95331
2599 4.95331 4.95331
2600 4.95331 4.95331
2601 4.95331 4.95331
2602 4.95331 4.95331
2603 4.95331 4.95331
2604 4.95331 4.95331
2605 4.95331 4.95331
2606 4.95331 4.95331
2607 4.95331 4.95331
2608 4.95331 4.95331
2609 4.95331 4.95331
2610 4.95331 4.95331
2611 4.95331 4.95331
2612 4.95331 4.95331
2613 4.95331 4.95331
2614 4.95331 4.95331
2615 4.95331 4.95331
2616 4.95331 4.95331
2617 4.95331 4.95331
2618 4.95331 4.95331
2619 4.95331 4.95331
2620 4.95331 4.95331
2621 4.95331 4.95331
2622 4.95331 4.95331
2623 4.95331 4.95331
2624 4.95331 4.95331
2625 4.95331 4.95331
2626 4.95331 4.95331
2627 4.95331 4.95331
2628 4.95331 4.95331
2629 4.95331 4.95331
2630 4.95331 4.95331
2631 4.95331 4.95331
2632 4.95331 4.95331
2633 4.95331 4.95331
2634 4.95331 4.95331
2635 4.95331 4.95331
2636 4.95331 4.95331
2637 4.95331 4.95331
2638 4.95331 4.95331
2639 4.95331 4.95331
2640 4.95331 4.95331
2641 4.95331 4.95331
2642 4.95331 4.95331
2643 4.95331 4.95331
2644 4.95331 4.95331
2645 4.95331 4.95331
2646 4.95331 4.95331
2647 4.95331 4.95331
2648 4.95331 4.95331
2649 4.95331 4.95331
2650 4.95331 4.95331
2651 4.95331 4.95331
2652 4.95331 4.95331
2653 4.95331 4.95331
2654 4.95331 4.95331
2655 4.95331 4.95331
2656 4.95331 4.95331
2657 4.95331 4.95331
2658 4.95331 4.95331
2659 4.95331 4.95331
2660 4.95331 4.95331
2661 4.95331 4.95331
2662 4.95331 4.95331
2663 4.95331 4.95331
2664 4.95331 4.95331
2665 4.95331 4.95331
2666 4.95331 4.95331
2667 4.95331 4.95331
2668 4.95331 4.95331
2669 4.95331 4.95331
2670 4.95331 4.95331
2671 4.95331 4.95331
2672 4.95331 4.95331
2673 4.95331 4.95331
2674 4.95331 4.95331
2675 4.95331 4.95331
2676 4.95331 4.95331
2677 4.95331 4.95331
2678 4.95331 4.95331
2679 4.95331 4.95331
2680 4.95331 4.95331
2681 4.95331 4.95331
2682 4.95331 4.95331
2683 4.95331 4.95331
2684 4.95331 4.95331
2685 4.95331 4.95331
2686 4.95331 4.95331
2687 4.95331 4.95331
2688 4.95331 4.95331
2689 4.95331 4.95331
2690 4.95331 4.95331
2691 4.95331 4.95331
2692 4.95331 4.95331
2693 4.95331 4.95331
2694 4.95331 4.95331
2695 4.95331 4.95331
2696 4.95331 4.95331
2697 4.95331 4.95331
2698 4.95331 4.95331
2699 4.95331 4.95331
2700 4.95331 4.95331
2701 4.95331 4.95331
2702 4.95331 4.95331
2703 4.95331 4.95331
2704 4.95331 4.95331
2705 4.95331 4.95331
2706 4.95331 4.95331
2707 4.95331 4.95331
2708 4.95331 4.95331
2709 4.95331 4.95331
2710 4.95331 4.95331
2711 4.95331 4.95331
2712 4.95331 4.95331
2713 4.95331 4.95331
2714 4.95331 4.95331
2715 4.95331 4.95331
2716 4.95331 4.95331
2717 4.95331 4.95331
2718 4.95331 4.95331
2719 4.95331 4.95331
2720 4.95331 4.95331
2721 4.95331 4.95331
2722 4.95331 4.95331
2723 4.95331 4.95331
2724 4.95331 4.95331
2725 4.95331 4.95331
2726 4.95331 4.95331
2727 4.95331 4.95331
2728 4.95331 4.95331
2729 4.95331 4.95331
2730 4.95331 4.95331
2731 4.95331 4.95331
2732 4.95331 4.95331
2733 4.95331 4.95331
2734 4.95331 4.95331
2735 4.95331 4.95331
2736 4.95331 4.95331
2737 4.95331 4.95331
2738 4.95331 4.95331
2739 4.95331 4.95331
2740 4.95331 4.95331
2741 4.95331 4.95331
2742 4.95331 4.95331
2743 4.95331 4.95331
2744 4.95331 4.95331
2745 4.95331 4.95331
2746 4.95331 4.95331
2747 4.95331 4.95331
2748 4.95331 4.95331
2749 4.95331 4.95331
2750 4.95331 4.95331
2751 4.95331 4.95331
2752 4.95331 4.95331
2753 4.95331 4.95331
2754 4.95331 4.95331
2755 4.95331 4.95331
2756 4.95331 4.95331
2757 4.95331 4.95331
2758 4.95331 4.95331
2759 4.95331 4.95331
2760 4.95331 4.95331
2761 4.95331 4.95331
2762 4.95331 4.95331
2763 4.95331 4.95331
2764 4.95331 4.95331
2765 4.95331 4.95331
2766 4.95331 4.95331
2767 4.95331 4.95331
2768 4.95331 4.95331
2769 4.95331 4.95331
2770 4.95331 4.95331
2771 4.95331 4.95331
2772 4.95331 4.95331
2773 4.95331 4.95331
2774 4.95331 4.95331
2775 4.95331 4.95331
2776 4.95331 4.95331
2777 4.95331 4.95331
2778 4.95331 4.95331
2779 4.95331 4.95331
2780 4.95331 4.95331
2781 4.95331 4.95331
2782 4.95331 4.95331
2783 4.95331 4.95331
2784 4.95331 4.95331
2785 4.95331 4.95331
2786 4.95331 4.95331
2787 4.95331 4.95331
2788 4.95331 4.95331
2789 4.95331 4.95331
2790 4.95331 4.95331
2791 4.95331 4.95331
2792 4.95331 4.95331
2793 4.95331 4.95331
2794 4.95331 4.95331
2795 4.95331 4.95331
2796 4.95331 4.95331
2797 4.95331 4.95331
2798 4.95331 4.95331
2799 4.95331 4.95331
2800 4.95331 4.95331
2801 4.95331 4.95331
2802 4.95331 4.95331
2803 4.95331 4.95331
2804 4.95331 4.95331
2805 4.95331 4.95331
2806 4.95331 4.95331
2807 4.95331 4.95331
2808 4.95331 4.95331
2809 4.95331 4.95331
2810 4.95331 4.95331
2811 4.95331 4.95331
2812 4.95331 4.95331
2813 4.95331 4.95331
2814 4.95331 4.95331
2815 4.95331 4.95331
2816 4.95331 4.95331
2817 4.95331 4.95331
2818 4.95331 4.95331
2819 4.95331 4.95331
2820 4.95331 4.95331
2821 4.95331 4.95331
2822 4.95331 4.95331
2823 4.95331 4.95331
2824 4.95331 4.95331
2825 4.95331 4.95331
2826 4.95331 4.95331
2827 4.95331 4.95331
2828 4.95331 4.95331
2829 4.95331 4.95331
2830 4.95331 4.95331
2831 4.95331 4.95331
2832 4.95331 4.95331
2833 4.95331 4.95331
2834 4.95331 4.95331
2835 4.95331 4.95331
2836 4.95331 4.95331
2837 4.95331 4.95331
2838 4.95331 4.95331
2839 4.95331 4.95331
2840 4.95331 4.95331
2841 4.95331 4.95331
2842 4.95331 4.95331
2843 4.95331 4.95331
2844 4.95331 4.95331
2845 4.95331 4.95331
2846 4.95331 4.95331
2847 4.95331 4.95331
2848 4.95331 4.95331
2849 4.95331 4.95331
2850 4.95331 4.95331
2851 4.95331 4.95331
2852 4.95331 4.95331
2853 4.95331 4.95331
2854 4.95331 4.95331
2855 4.95331 4.95331
2856 4.95331 4.95331
2857 4.95331 4.95331
2858 4.95331 4.95331
2859 4.95331 4.95331
2860 4.95331 4.95331
2861 4.95331 4.95331
2862 4.95331 4.95331
2863 4.95331 4.95331
2864 4.95331 4.95331
2865 4.95331 4.95331
2866 4.95331 4.95331
2867 4.95331 4.95331
2868 4.95331 4.95331
2869 4.95331 4.95331
2870 4.95331 4.95331
2871 4.95331 4.95331
2872 4.95331 4.95331
2873 4.95331 4.95331
2874 4.95331 4.95331
2875 4.95331 4.95331
2876 4.95331 4.95331
2877 4.95331 4.95331
2878 4.95331 4.95331
2879 4.95331 4.95331
2880 4.95331 4.95331
2881 4.95331 4.95331
2882 4.95331 4.95331
2883 4.95331 4.95331
2884 4.95331 4.95331
2885 4.95331 4.95331
2886 4.95331 4.95331
2887 4.95331 4.95331
2888 4.95331 4.95331
2889 4.95331 4.95331
2890 4.95331 4.95331
2891 4.95331 4.95331
2892 4.95331 4.95331
2893 4.95331 4.95331
2894 4.95331 4.95331
2895 4.95331 4.95331
2896 4.95331 4.95331
2897 4.95331 4.95331
2898 4.95331 4.95331
2899 4.95331 4.95331
2900 4.95331 4.95331
2901 4.95331 4.95331
2902 4.95331 4.95331
2903 4.95331 4.95331
2904 4.95331 4.95331
2905 4.95331 4.95331
2906 4.95331 4.95331
2907 4.95331 4.95331
2908 4.95331 4.95331
2909 4.95331 4.95331
2910 4.95331 4.95331
2911 4.95331 4.95331
2912 4.95331 4.95331
2913 4.95331 4.95331
2914 4.95331 4.95331
2915 4.95331 4.95331
2916 4.95331 4.95331
2917 4.95331 4.95331
2918 4.95331 4.95331
2919 4.95331 4.95331
2920 4.95331 4.95331
2921 4.95331 4.95331
2922 4.95331 4.95331
2923 4.95331 4.95331
2924 4.95331 4.95331
2925 4.95331 4.95331
2926 4.95331 4.95331
2927 4.95331 4.95331
2928 4.95331 4.95331
2929 4.95331 4.95331
2930 4.95331 4.95331
2931 4.95331 4.95331
2932 4.95331 4.95331
2933 4.95331 4.95331
2934 4.95331 4.95331
2935 4.95331 4.95331
2936 4.95331 4.95331
2937 4.95331 4.95331
2938 4.95331 4.95331
2939 4.95331 4.95331
2940 4.95331 4.95331
2941 4.95331 4.95331
2942 4.95331 4.95331
2943 4.95331 4.95331
2944 4.95331 4.95331
2945 4.95331 4.95331
2946 4.95331 4.95331
2947 4.95331 4.95331
2948 4.95331 4.95331
2949 4.95331 4.95331
2950 4.95331 4.95331
2951 4.95331 4.95331
2952 4.95331 4.95331
2953 4.95331 4.95331
2954 4.95331 4.95331
2955 4.95331 4.95331
2956 4.95331 4.95331
2957 4.95331 4.95331
2958 4.95331 4.95331
2959 4.95331 4.95331
2960 4.95331 4.95331
2961 4.95331 4.95331
2962 4.95331 4.95331
2963 4.95331 4.95331
2964 4.95331 4.95331
2965 4.95331 4.95331
2966 4.95331 4.95331
2967 4.95331 4.95331
2968 4.95331 4.95331
2969 4.95331 4.95331
2970 4.95331 4.95331
2971 4.95331 4.95331
2972 4.95331 4.95331
2973 4.95331 4.95331
2974 4.95331 4.95331
2975 4.95331 4.95331
2976 4.95331 4.95331
2977 4.95331 4.95331
2978 4.95331 4.95331
2979 4.95331 4.95331
2980 4.95331 4.95331
2981 4.95331 4.95331
2982 4.95331 4.95331
2983 4.95331 4.95331
2984 4.95331 4.95331
2985 4.95331 4.95331
2986 4.95331 4.95331
2987 4.95331 4.95331
2988 4.95331 4.95331
2989 4.95331 4.95331
2990 4.95331 4.95331
2991 4.95331 4.95331
2992 4.95331 4.95331
2993 4.95331 4.95331
2994 4.95331 4.95331
2995 4.95331 4.95331
2996 4.95331 4.95331
2997 4.95331 4.95331
2998 4.95331 4.95331
2999 4.95331 4.95331
3000 4.95331 4.95331
3001 4.95331 4.95331
3002 4.95331 4.95331
3003 4.95331 4.95331
3004 4.95331 4.95331
3005 4.95331 4.95331
3006 4.95331 4.95331
3007 4.95331 4.95331
3008 4.95331 4.95331
3009 4.95331 4.95331
3010 4.95331 4.95331
3011 4.95331 4.95331
3012 4.95331 4.95331
3013 4.95331 4.95331
3014 4.95331 4.95331
3015 4.95331 4.95331
3016 4.95331 4.95331
3017 4.95331 4.95331
3018 4.95331 4.95331
3019 4.95331 4.95331
3020 4.95331 4.95331
3021 4.95331 4.95331
3022 4.95331 4.95331
3023 4.95331 4.95331
3024 4.95331 4.95331
3025 4.95331 4.95331
3026 4.95331 4.95331
3027 4.95331 4.95331
3028 4.95331 4.95331
3029 4.95331 4.95331
3030 4.95331 4.95331
3031 4.95331 4.95331
3032 4.95331 4.95331
3033 4.95331 4.95331
3034 4.95331 4.95331
3035 4.95331 4.95331
3036 4.95331 4.95331
3037 4.95331 4.95331
3038 4.95331 4.95331
3039 4.95331 4.95331
3040 4.95331 4.95331
3041 4.95331 4.95331
3042 4.95331 4.95331
3043 4.95331 4.95331
3044 4.95331 4.95331
3045 4.95331 4.95331
3046 4.95331 4.95331
3047 4.95331 4.95331
3048 4.95331 4.95331
3049 4.95331 4.95331
3050 4.95331 4.95331
3051 4.95331 4.95331
3052 4.95331 4.95331
3053 4.95331 4.95331
3054 4.95331 4.95331
3055 4.95331 4.95331
3056 4.95331 4.95331
3057 4.95331 4.95331
3058 4.95331 4.95331
3059 4.95331 4.95331
3060 4.95331 4.95331
3061 4.95331 4.95331
3062 4.95331 4.95331
3063 4.95331 4.95331
3064 4.95331 4.95331
3065 4.95331 4.95331
3066 4.95331 4.95331
3067 4.95331 4.95331
3068 4.95331 4.95331
3069 4.95331 4.95331
3070 4.95331 4.95331
3071 4.95331 4.95331
3072 4.95331 4.95331
3073 4.95331 4.95331
3074 4.95331 4.95331
3075 4.95331 4.95331
3076 4.95331 4.95331
3077 4.95331 4.95331
3078 4.95331 4.95331
3079 4.95331 4.95331
3080 4.95331 4.95331
3081 4.95331 4.95331
3082 4.95331 4.95331
3083 4.95331 4.95331
3084 4.95331 4.95331
3085 4.95331 4.95331
3086 4.95331 4.95331
3087 4.95331 4.95331
3088 4.95331 4.95331
3089 4.95331 4.95331
3090 4.95331 4.95331
3091 4.95331 4.95331
3092 4.95331 4.95331
3093 4.95331 4.95331
3094 4.95331 4.95331
3095 4.95331 4.95331
3096 4.95331 4.95331
3097 4.95331 4.95331
3098 4.95331 4.95331
3099 4.95331 4.95331
3100 4.95331 4.95331
3101 4.95331 4.95331
3102 4.95331 4.95331
3103 4.95331 4.95331
3104 4.95331 4.95331
3105 4.95331 4.95331
3106 4.95331 4.95331
3107 4.95331 4.95331
3108 4.95331 4.95331
3109 4.95331 4.95331
3110 4.95331 4.95331
3111 4.95331 4.95331
3112 4.95331 4.95331
3113 4.95331 4.95331
3114 4.95331 4.95331
3115 4.95331 4.95331
3116 4.95331 4.95331
3117 4.95331 4.95331
3118 4.95331 4.95331
3119 4.95331 4.95331
3120 4.95331 4.95331
3121 4.95331 4.95331
3122 4.95331 4.95331
3123 4.95331 4.95331
3124 4.95331 4.95331
3125 4.95331 4.95331
3126 4.95331 4.95331
3127 4.95331 4.95331
3128 4.95331 4.95331
3129 4.95331 4.95331
3130 4.95331 4.95331
3131 4.95331 4.95331
3132 4.95331 4.95331
3133 4.95331 4.95331
3134 4.95331 4.95331
3135 4.95331 4.95331
3136 4.95331 4.95331
3137 4.95331 4.95331
3138 4.95331 4.95331
3139 4.95331 4.95331
3140 4.95331 4.95331
3141 4.95331 4.95331
3142 4.95331 4.95331
3143 4.95331 4.95331
3144 4.95331 4.95331
3145 4.95331 4.95331
3146 4.95331 4.95331
3147 4.95331 4.95331
3148 4.95331 4.95331
3149 4.95331 4.95331
3150 4.95331 4.95331
3151 4.95331 4.95331
3152 4.95331 4.95331
3153 4.95331 4.95331
3154 4.95331 4.95331
3155 4.95331 4.95331
3156 4.95331 4.95331
3157 4.95331 4.95331
3158 4.95331 4.95331
3159 4.95331 4.95331
3160 4.95331 4.95331
3161 4.95331 4.95331
3162 4.95331 4.95331
3163 4.95331 4.95331
3164 4.95331 4.95331
3165 4.95331 4.95331
3166 4.95331 4.95331
3167 4.95331 4.95331
3168 4.95331 4.95331
3169 4.95331 4.95331
3170 4.95331 4.95331
3171 4.95331 4.95331
3172 4.95331 4.95331
3173 4.95331 4.95331
3174 4.95331 4.95331
3175 4.95331 4.95331
3176 4.95331 4.95331
3177 4.95331 4.95331
3178 4.95331 4.95331
3179 4.95331 4.95331
3180 4.95331 4.95331
3181 4.95331 4.95331
3182 4.95331 4.95331
3183 4.95331 4.95331
3184 4.95331 4.95331
3185 4.95331 4.95331
3186 4.95331 4.95331
3187 4.95331 4.95331
3188 4.95331 4.95331
3189 4.95331 4.95331
3190 4.95331 4.95331
3191 4.95331 4.95331
3192 4.95331 4.95331
3193 4.95331 4.95331
3194 4.95331 4.95331
3195 4.95331 4.95331
3196 4.95331 4.95331
3197 4.95331 4.95331
3198 4.95331 4.95331
3199 4.95331 4.95331
3200 4.95331 4.95331
3201 4.95331 4.95331
3202 4.95331 4.95331
3203 4.95331 4.95331
3204 4.95331 4.95331
3205 4.95331 4.95331
3206 4.95331 4.95331
3207 4.95331 4.95331
3208 4.95331 4.95331
3209 4.95331 4.95331
3210 4.95331 4.95331
3211 4.95331 4.95331
3212 4.95331 4.95331
3213 4.95331 4.95331
3214 4.95331 4.95331
3215 4.95331 4.95331
3216 4.95331 4.95331
3217 4.95331 4.95331
3218 4.95331 4.95331
3219 4.95331 4.95331
3220 4.95331 4.95331
3221 4.95331 4.95331
3222 4.95331 4.95331
3223 4.95331 4.95331
3224 4.95331 4.95331
3225 4.95331 4.95331
3226 4.95331 4.95331
3227 4.95331 4.95331
3228 4.95331 4.95331
3229 4.95331 4.95331
3230 4.95331 4.95331
3231 4.95331 4.95331
3232 4.95331 4.95331
3233 4.95331 4.95331
3234 4.95331 4.95331
3235 4.95331 4.95331
3236 4.95331 4.95331
3237 4.95331 4.95331
3238 4.95331 4.95331
3239 4.95331 4.95331
3240 4.95331 4.95331
3241 4.95331 4.95331
3242 4.95331 4.95331
3243 4.95331 4.95331
3244 4.95331 4.95331
3245 4.95331 4.95331
3246 4.95331 4.95331
3247 4.95331 4.95331
3248 4.95331 4.95331
3249 4.95331 4.95331
3250 4.95331 4.95331
3251 4.95331 4.95331
3252 4.95331 4.95331
3253 4.95331 4.95331
3254 4.95331 4.95331
3255 4.95331 4.95331
3256 4.95331 4.95331
3257 4.95331 4.95331
3258 4.95331 4.95331
3259 4.95331 4.95331
3260 4.95331 4.95331
3261 4.95331 4.95331
3262 4.95331 4.95331
3263 4.95331 4.95331
3264 4.95331 4.95331
3265 4.95331 4.95331
3266 4.95331 4.95331
3267 4.95331 4.95331
3268 4.95331 4.95331
3269 4.95331 4.95331
3270 4.95331 4.95331
3271 4.95331 4.95331
3272 4.95331 4.95331
3273 4.95331 4.95331
3274 4.95331 4.95331
3275 4.95331 4.95331
3276 4.95331 4.95331
3277 4.95331 4.95331
3278 4.95331 4.95331
3279 4.95331 4.95331
3280 4.95331 4.95331
3281 4.95331 4.95331
3282 4.95331 4.95331
3283 4.95331 4.95331
3284 4.95331 4.95331
3285 4.95331 4.95331
3286 4.95331 4.95331
3287 4.95331 4.95331
3288 4.95331 4.95331
3289 4.95331 4.95331
3290 4.95331 4.95331
3291 4.95331 4.95331
3292 4.95331 4.95331
3293 4.95331 4.95331
3294 4.95331 4.95331
3295 4.95331 4.95331
3296 4.95331 4.95331
3297 4.95331 4.95331
3298 4.95331 4.95331
3299 4.95331 4.95331
3300 4.95331 4.95331
3301 4.95331 4.95331
3302 4.95331 4.95331
3303 4.95331 4.95331
3304 4.95331 4.95331
3305 4.95331 4.95331
3306 4.95331 4.95331
3307 4.95331 4.95331
3308 4.95331 4.95331
3309 4.95331 4.95331
3310 4.95331 4.95331
3311 4.95331 4.95331
3312 4.95331 4.95331
3313 4.95331 4.95331
3314 4.95331 4.95331
3315 4.95331 4.95331
3316 4.95331 4.95331
3317 4.95331 4.95331
3318 4.95331 4.95331
3319 4.95331 4.95331
3320 4.95331 4.95331
3321 4.95331 4.95331
3322 4.95331 4.95331
3323 4.95331 4.95331
3324 4.95331 4.95331
3325 4.95331 4.95331
3326 4.95331 4.95331
3327 4.95331 4.95331
3328 4.95331 4.95331
3329 4.95331 4.95331
3330 4.95331 4.95331
3331 4.95331 4.95331
3332 4.95331 4.95331
3333 4.95331 4.95331
3334 4.95331 4.95331
3335 4.95331 4.95331
3336 4.95331 4.95331
3337 4.95331 4.95331
3338 4.95331 4.95331
3339 4.95331 4.95331
3340 4.95331 4.95331
3341 4.95331 4.95331
3342 4.95331 4.95331
3343 4.95331 4.95331
3344 4.95331 4.95331
3345 4.95331 4.95331
3346 4.95331 4.95331
3347 4.95331 4.95331
3348 4.95331 4.95331
3349 4.95331 4.95331
3350 4.95331 4.95331
3351 4.95331 4.95331
3352 4.95331 4.95331
3353 4.95331 4.95331
3354 4.95331 4.95331
3355 4.95331 4.95331
3356 4.95331 4.95331
3357 4.95331 4.95331
3358 4.95331 4.95331
3359 4.95331 4.95331
3360 4.95331 4.95331
3361 4.95331 4.95331
3362 4.95331 4.95331
3363 4.95331 4.95331
3364 4.95331 4.95331
3365 4.95331 4.95331
3366 4.95331 4.95331
3367 4.95331 4.95331
3368 4.95331 4.95331
3369 4.95331 4.95331
3370 4.95331 4.95331
3371 4.95331 4.95331
3372 4.95331 4.95331
3373 4.95331 4.95331
3374 4.95331 4.95331
3375 4.95331 4.95331
3376 4.95331 4.95331
3377 4.95331 4.95331
3378 4.95331 4.95331
3379 4.95331 4.95331
3380 4.95331 4.95331
3381 4.95331 4.95331
3382 4.95331 4.95331
3383 4.95331 4.95331
3384 4.95331 4.95331
3385 4.95331 4.95331
3386 4.95331 4.95331
3387 4.95331 4.95331
3388 4.95331 4.95331
3389 4.95331 4.95331
3390 4.95331 4.95331
3391 4.95331 4.95331
3392 4.95331 4.95331
3393 4.95331 4.95331
3394 4.95331 4.95331
3395 4.95331 4.95331
3396 4.95331 4.95331
3397 4.95331 4.95331
3398 4.95331 4.95331
3399 4.95331 4.95331
3400 4.95331 4.95331
3401 4.95331 4.95331
3402 4.95331 4.95331
3403 4.95331 4.95331
3404 4.95331 4.95331
3405 4.95331 4.95331
3406 4.95331 4.95331
3407 4.95331 4.95331
3408 4.95331 4.95331
3409 4.95331 4.95331
3410 4.95331 4.95331
3411 4.95331 4.95331
3412 4.95331 4.95331
3413 4.95331 4.95331
3414 4.95331 4.95331
3415 4.95331 4.95331
3416 4.95331 4.95331
3417 4.95331 4.95331
3418 4.95331 4.95331
3419 4.95331 4.95331
3420 4.95331 4.95331
3421 4.95331 4.95331
3422 4.95331 4.95331
3423 4.95331 4.95331
3424 4.95331 4.95331
3425 4.95331 4.95331
3426 4.95331 4.95331
3427 4.95331 4.95331
3428 4.95331 4.95331
3429 4.95331 4.95331
3430 4.95331 4.95331
3431 4.95331 4.95331
3432 4.95331 4.95331
3433 4.95331 4.95331
3434 4.95331 4.95331
3435 4.95331 4.95331
3436 4.95331 4.95331
3437 4.95331 4.95331
3438 4.95331 4.95331
3439 4.95331 4.95331
3440 4.95331 4.95331
3441 4.95331 4.95331
3442 4.95331 4.95331
3443 4.95331 4.95331
3444 4.95331 4.95331
3445 4.95331 4.95331
3446 4.95331 4.95331
3447 4.95331 4.95331
3448 4.95331 4.95331
3449 4.95331 4.95331
3450 4.95331 4.95331
3451 4.95331 4.95331
3452 4.95331 4.95331
3453 4.95331 4.95331
3454 4.95331 4.95331
3455 4.95331 4.95331
3456 4.95331 4.95331
3457 4.95331 4.95331
3458 4.95331 4.95331
3459 4.95331 4.95331
3460 4.95331 4.95331
3461 4.95331 4.95331
3462 4.95331 4.95331
3463 4.95331 4.95331
3464 4.95331 4.95331
3465 4.95331 4.95331
3466 4.95331 4.95331
3467 4.95331 4.95331
3468 4.95331 4.95331
3469 4.95331 4.95331
3470 4.95331 4.95331
3471 4.95331 4.95331
3472 4.95331 4.95331
3473 4.95331 4.95331
3474 4.95331 4.95331
3475 4.95331 4.95331
3476 4.95331 4.95331
3477 4.95331 4.95331
3478 4.95331 4.95331
3479 4.95331 4.95331
3480 4.95331 4.95331
3481 4.95331 4.95331
3482 4.95331 4.95331
3483 4.95331 4.95331
3484 4.95331 4.95331
3485 4.95331 4.95331
3486 4.95331 4.95331
3487 4.95331 4.95331
3488 4.95331 4.95331
3489 4.95331 4.95331
3490 4.95331 4.95331
3491 4.95331 4.95331
3492 4.95331 4.95331
3493 4.95331 4.95331
3494 4.95331 4.95331
3495 4.95331 4.95331
3496 4.95331 4.95331
3497 4.95331 4.95331
3498 4.95331 4.95331
3499 4.95331 4.95331
3500 4.95331 4.95331
3501 4.95331 4.95331
3502 4.95331 4.95331
3503 4.95331 4.95331
3504 4.95331 4.95331
3505 4.95331 4.95331
3506 4.95331 4.95331
3507 4.95331 4.95331
3508 4.95331 4.95331
3509 4.95331 4.95331
3510 4.95331 4.95331
3511 4.95331 4.95331
3512 4.95331 4.95331
3513 4.95331 4.95331
3514 4.95331 4.95331
3515 4.95331 4.95331
3516 4.95331 4.95331
3517 4.95331 4.95331
3518 4.95331 4.95331
3519 4.95331 4.95331
3520 4.95331 4.95331
3521 4.95331 4.95331
3522 4.95331 4.95331
3523 4.95331 4.95331
3524 4.95331 4.95331
3525 4.95331 4.95331
3526 4.95331 4.95331
3527 4.95331 4.95331
3528 4.95331 4.95331
3529 4.95331 4.95331
3530 4.95331 4.95331
3531 4.95331 4.95331
3532 4.95331 4.95331
3533 4.95331 4.95331
3534 4.95331 4.95331
3535 4.95331 4.95331
3536 4.95331 4.95331
3537 4.95331 4.95331
3538 4.95331 4.95331
3539 4.95331 4.95331
3540 4.95331 4.95331
3541 4.95331 4.95331
3542 4.95331 4.95331
3543 4.95331 4.95331
3544 4.95331 4.95331
3545 4.95331 4.95331
3546 4.95331 4.95331
3547 4.95331 4.95331
3548 4.95331 4.95331
3549 4.95331 4.95331
3550 4.95331 4.95331
3551 4.95331 4.95331
3552 4.95331 4.95331
3553 4.95331 4.95331
3554 4.95331 4.95331
3555 4.95331 4.95331
3556 4.95331 4.95331
3557 4.95331 4.95331
3558 4.95331 4.95331
3559 4.95331 4.95331
3560 4.95331 4.95331
3561 4.95331 4.95331
3562 4.95331 4.95331
3563 4.95331 4.95331
3564 4.95331 4.95331
3565 4.95331 4.95331
3566 4.95331 4.95331
3567 4.95331 4.95331
3568 4.95331 4.95331
3569 4.95331 4.95331
3570 4.95331 4.95331
3571 4.95331 4.95331
3572 4.95331 4.95331
3573 4.95331 4.95331
3574 4.95331 4.95331
3575 4.95331 4.95331
3576 4.95331 4.95331
3577 4.95331 4.95331
3578 4.95331 4.95331
3579 4.95331 4.95331
3580 4.95331 4.95331
3581 4.95331 4.95331
3582 4.95331 4.95331
3583 4.95331 4.95331
3584 4.95331 4.95331
3585 4.95331 4.95331
3586 4.95331 4.95331
3587 4.95331 4.95331
3588 4.95331 4.95331
3589 4.95331 4.95331
3590 4.95331 4.95331
3591 4.95331 4.95331
3592 4.95331 4.95331
3593 4.95331 4.95331
3594 4.95331 4.95331
3595 4.95331 4.95331
3596 4.95331 4.95331
3597 4.95331 4.95331
3598 4.95331 4.95331
3599 4.95331 4.95331
3600 4.95331 4.95331
3601 4.95331 4.95331
3602 4.95331 4.95331
3603 4.95331 4.95331
3604 4.95331 4.95331
3605 4.95331 4.95331
3606 4.95331 4.95331
3607 4.95331 4.95331
3608 4.95331 4.95331
3609 4.95331 4.95331
3610 4.95331 4.95331
3611 4.95331 4.95331
3612 4.95331 4.95331
3613 4.95331 4.95331
3614 4.95331 4.95331
3615 4.95331 4.95331
3616 4.95331 4.95331
3617 4.95331 4.95331
3618 4.95331 4.95331
3619 4.95331 4.95331
3620 4.95331 4.95331
3621 4.95331 4.95331
3622 4.95331 4.95331
3623 4.95331 4.95331
3624 4.95331 4.95331
3625 4.95331 4.95331
3626 4.95331 4.95331
3627 4.95331 4.95331
3628 4.95331 4.95331
3629 4.95331 4.95331
3630 4.95331 4.95331
3631 4.95331 4.95331
3632 4.95331 4.95331
3633 4.95331 4.95331
3634 4.95331 4.95331
3635 4.95331 4.95331
3636 4.95331 4.95331
3637 4.95331 4.95331
3638 4.95331 4.95331
3639 4.95331 4.95331
3640 4.95331 4.95331
3641 4.95331 4.95331
3642 4.95331 4.95331
3643 4.95331 4.95331
3644 4.95331 4.95331
3645 4.95331 4.95331
3646 4.95331 4.95331
3647 4.95331 4.95331
3648 4.95331 4.95331
3649 4.95331 4.95331
3650 4.95331 4.95331
3651 4.95331 4.95331
3652 4.95331 4.95331
3653 4.95331 4.95331
3654 4.95331 4.95331
3655 4.95331 4.95331
3656 4.95331 4.95331
3657 4.95331 4.95331
3658 4.95331 4.95331
3659 4.95331 4.95331
3660 4.95331 4.95331
3661 4.95331 4.95331
3662 4.95331 4.95331
3663 4.95331 4.95331
3664 4.95331 4.95331
3665 4.95331 4.95331
3666 4.95331 4.95331
3667 4.95331 4.95331
3668 4.95331 4.95331
3669 4.95331 4.95331
3670 4.95331 4.95331
3671 4.95331 4.95331
3672 4.95331 4.95331
3673 4.95331 4.95331
3674 4.95331 4.95331
3675 4.95331 4.95331
3676 4.95331 4.95331
3677 4.95331 4.95331
3678 4.95331 4.95331
3679 4.95331 4.95331
3680 4.95331 4.95331
3681 4.95331 4.95331
3682 4.95331 4.95331
3683 4.95331 4.95331
3684 4.95331 4.95331
3685 4.95331 4.95331
3686 4.95331 4.95331
3687 4.95331 4.95331
3688 4.95331 4.95331
3689 4.95331 4.95331
3690 4.95331 4.95331
3691 4.95331 4.95331
3692 4.95331 4.95331
3693 4.95331 4.95331
3694 4.95331 4.95331
3695 4.95331 4.95331
3696 4.95331 4.95331
3697 4.95331 4.95331
3698 4.95331 4.95331
3699 4.95331 4.95331
3700 4.95331 4.95331
3701 4.95331 4.95331
3702 4.95331 4.95331
3703 4.95331 4.95331
3704 4.95331 4.95331
3705 4.95331 4.95331
3706 4.95331 4.95331
3707 4.95331 4.95331
3708 4.95331 4.95331
3709 4.95331 4.95331
3710 4.95331 4.95331
3711 4.95331 4.95331
3712 4.95331 4.95331
3713 4.95331 4.95331
3714 4.95331 4.95331
3715 4.95331 4.95331
3716 4.95331 4.95331
3717 4.95331 4.95331
3718 4.95331 4.95331
3719 4.95331 4.95331
3720 4.95331 4.95331
3721 4.95331 4.95331
3722 4.95331 4.95331
3723 4.95331 4.95331
3724 4.95331 4.95331
3725 4.95331 4.95331
3726 4.95331 4.95331
3727 4.95331 4.95331
3728 4.95331 4.95331
3729 4.95331 4.95331
3730 4.95331 4.95331
3731 4.95331 4.95331
3732 4.95331 4.95331
3733 4.95331 4.95331
3734 4.95331 4.95331
3735 4.95331 4.95331
3736 4.95331 4.95331
3737 4.95331 4.95331
3738 4.95331 4.95331
3739 4.95331 4.95331
3740 4.95331 4.95331
3741 4.95331 4.95331
3742 4.95331 4.95331
3743 4.95331 4.95331
3744 4.95331 4.95331
3745 4.95331 4.95331
3746 4.95331 4.95331
3747 4.95331 4.95331
3748 4.95331 4.95331
3749 4.95331 4.95331
3750 4.95331 4.95331
3751 4.95331 4.95331
3752 4.95331 4.95331
3753 4.95331 4.95331
3754 4.95331 4.95331
3755 4.95331 4.95331
3756 4.95331 4.95331
3757 4.95331 4.95331
3758 4.95331 4.95331
3759 4.95331 4.95331
3760 4.95331 4.95331
3761 4.95331 4.95331
3762 4.95331 4.95331
3763 4.95331 4.95331
3764 4.95331 4.95331
3765 4.95331 4.95331
3766 4.95331 4.95331
3767 4.95331 4.95331
3768 4.95331 4.95331
3769 4.95331 4.95331
3770 4.95331 4.95331
3771 4.95331 4.95331
3772 4.95331 4.95331
3773 4.95331 4.95331
3774 4.95331 4.95331
3775 4.95331 4.95331
3776 4.95331 4.95331
3777 4.95331 4.95331
3778 4.95331 4.95331
3779 4.95331 4.95331
3780 4.95331 4.95331
3781 4.95331 4.95331
3782 4.95331 4.95331
3783 4.95331 4.95331
3784 4.95331 4.95331
3785 4.95331 4.95331
3786 4.95331 4.95331
3787 4.95331 4.95331
3788 4.95331 4.95331
3789 4.95331 4.95331
3790 4.95331 4.95331
3791 4.95331 4.95331
3792 4.95331 4.95331
3793 4.95331 4.95331
3794 4.95331 4.95331
3795 4.95331 4.95331
3796 4.95331 4.95331
3797 4.95331 4.95331
3798 4.95331 4.95331
3799 4.95331 4.95331
3800 4.95331 4.95331
3801 4.95331 4.95331
3802 4.95331 4.95331
3803 4.95331 4.95331
3804 4.95331 4.95331
3805 4.95331 4.95331
3806 4.95331 4.95331
3807 4.95331 4.95331
3808 4.95331 4.95331
3809 4.95331 4.95331
3810 4.95331 4.95331
3811 4.95331 4.95331
3812 4.95331 4.95331
3813 4.95331 4.95331
3814 4.95331 4.95331
3815 4.95331 4.95331
3816 4.95331 4.95331
3817 4.95331 4.95331
3818 4.95331 4.95331
3819 4.95331 4.95331
3820 4.95331 4.95331
3821 4.95331 4.95331
3822 4.95331 4.95331
3823 4.95331 4.95331
3824 4.95331 4.95331
3825 4.95331 4.95331
3826 4.95331 4.95331
3827 4.95331 4.95331
3828 4.95331 4.95331
3829 4.95331 4.95331
3830 4.95331 4.95331
3831 4.95331 4.95331
3832 4.95331 4.95331
3833 4.95331 4.95331
3834 4.95331 4.95331
3835 4.95331 4.95331
3836 4.95331 4.95331
3837 4.95331 4.95331
3838 4.95331 4.95331
3839 4.95331 4.95331
3840 4.95331 4.95331
3841 4.95331 4.95331
3842 4.95331 4.95331
3843 4.95331 4.95331
3844 4.95331 4.95331
3845 4.95331 4.95331
3846 4.95331 4.95331
3847 4.95331 4.95331
3848 4.95331 4.95331
3849 4.95331 4.95331
3850 4.95331 4.95331
3851 4.95331 4.95331
3852 4.95331 4.95331
3853 4.95331 4.95331
3854 4.95331 4.95331
3855 4.95331 4.95331
3856 4.95331 4.95331
3857 4.95331 4.95331
3858 4.95331 4.95331
3859 4.95331 4.95331
3860 4.95331 4.95331
3861 4.95331 4.95331
3862 4.95331 4.95331
3863 4.95331 4.95331
3864 4.95331 4.95331
3865 4.95331 4.95331
3866 4.95331 4.95331
3867 4.95331 4.95331
3868 4.95331 4.95331
3869 4.95331 4.95331
3870 4.95331 4.95331
3871 4.95331 4.95331
3872 4.95331 4.95331
3873 4.95331 4.95331
3874 4.95331 4.95331
3875 4.95331 4.95331
3876 4.95331 4.95331
3877 4.95331 4.95331
3878 4.95331 4.95331
3879 4.95331 4.95331
3880 4.95331 4.95331
3881 4.95331 4.95331
3882 4.95331 4.95331
3883 4.95331 4.95331
3884 4.95331 4.95331
3885 4.95331 4.95331
3886 4.95331 4.95331
3887 4.95331 4.95331
3888 4.95331 4.95331
3889 4.95331 4.95331
3890 4.95331 4.95331
3891 4.95331 4.95331
3892 4.95331 4.95331
3893 4.95331 4.95331
3894 4.95331 4.95331
3895 4.95331 4.95331
3896 4.95331 4.95331
3897 4.95331 4.95331
3898 4.95331 4.95331
3899 4.95331 4.95331
3900 4.95331 4.95331
3901 4.95331 4.95331
3902 4.95331 4.95331
3903 4.95331 4.95331
3904 4.95331 4.95331
3905 4.95331 4.95331
3906 4.95331 4.95331
3907 4.95331 4.95331
3908 4.95331 4.95331
3909 4.95331 4.95331
3910 4.95331 4.95331
3911 4.95331 4.95331
3912 4.95331 4.95331
3913 4.95331 4.95331
3914 4.95331 4.95331
3915 4.95331 4.95331
3916 4.95331 4.95331
3917 4.95331 4.95331
3918 4.95331 4.95331
3919 4.95331 4.95331
3920 4.95331 4.95331
3921 4.95331 4.95331
3922 4.95331 4.95331
3923 4.95331 4.95331
3924 4.95331 4.95331
3925 4.95331 4.95331
3926 4.95331 4.95331
3927 4.95331 4.95331
3928 4.95331 4.95331
3929 4.95331 4.95331
3930 4.95331 4.95331
3931 4.95331 4.95331
3932 4.95331 4.95331
3933 4.95331 4.95331
3934 4.95331 4.95331
3935 4.95331 4.95331
3936 4.95331 4.95331
3937 4.95331 4.95331
3938 4.95331 4.95331
3939 4.95331 4.95331
3940 4.95331 4.95331
3941 4.95331 4.95331
3942 4.95331 4.95331
3943 4.95331 4.95331
3944 4.95331 4.95331
3945 4.95331 4.95331
3946 4.95331 4.95331
3947 4.95331 4.95331
3948 4.95331 4.95331
3949 4.95331 4.95331
3950 4.95331 4.95331
3951 4.95331 4.95331
3952 4.95331 4.95331
3953 4.95331 4.95331
3954 4.95331 4.95331
3955 4.95331 4.95331
3956 4.95331 4.95331
3957 4.95331 4.95331
3958 4.95331 4.95331
3959 4.95331 4.95331
3960 4.95331 4.95331
3961 4.95331 4.95331
3962 4.95331 4.95331
3963 4.95331 4.95331
3964 4.95331 4.95331
3965 4.95331 4.95331
3966 4.95331 4.95331
3967 4.95331 4.95331
3968 4.95331 4.95331
3969 4.95331 4.95331
3970 4.95331 4.95331
3971 4.95331 4.95331
3972 4.95331 4.95331
3973 4.95331 4.95331
3974 4.95331 4.95331
3975 4.95331 4.95331
3976 4.95331 4.95331
3977 4.95331 4.95331
3978 4.95331 4.95331
3979 4.95331 4.95331
3980 4.95331 4.95331
3981 4.95331 4.95331
3982 4.95331 4.95331
3983 4.95331 4.95331
3984 4.95331 4.95331
3985 4.95331 4.95331
3986 4.95331 4.95331
3987 4.95331 4.95331
3988 4.95331 4.95331
3989 4.95331 4.95331
3990 4.95331 4.95331
3991 4.95331 4.95331
3992 4.95331 4.95331
3993 4.95331 4.95331
3994 4.95331 4.95331
3995 4.95331 4.95331
3996 4.95331 4.95331
3997 4.95331 4.95331
3998 4.95331 4.95331
3999 4.95331 4.95331
4000 4.95331 4.95331
4001 4.95331 4.95331
4002 4.95331 4.95331
4003 4.95331 4.95331
4004 4.95331 4.95331
4005 4.95331 4.95331
4006 4.95331 4.95331
4007 4.95331 4.95331
4008 4.95331 4.95331
4009 4.95331 4.95331
4010 4.95331 4.95331
4011 4.95331 4.95331
4012 4.95331 4.95331
4013 4.95331 4.95331
4014 4.95331 4.95331
4015 4.95331 4.95331
4016 4.95331 4.95331
4017 4.95331 4.95331
4018 4.95331 4.95331
4019 4.95331 4.95331
4020 4.95331 4.95331
4021 4.95331 4.95331
4022 4.95331 4.95331
4023 4.95331 4.95331
4024 4.95331 4.95331
4025 4.95331 4.95331
4026 4.95331 4.95331
4027 4.95331 4.95331
4028 4.95331 4.95331
4029 4.95331 4.95331
4030 4.95331 4.95331
4031 4.95331 4.95331
4032 4.95331 4.95331
4033 4.95331 4.95331
4034 4.95331 4.95331
4035 4.95331 4.95331
4036 4.95331 4.95331
4037 4.95331 4.95331
4038 4.95331 4.95331
4039 4.95331 4.95331
4040 4.95331 4.95331
4041 4.95331 4.95331
4042 4.95331 4.95331
4043 4.95331 4.95331
4044 4.95331 4.95331
4045 4.95331 4.95331
4046 4.95331 4.95331
4047 4.95331 4.95331
4048 4.95331 4.95331
4049 4.95331 4.95331
4050 4.95331 4.95331
4051 4.95331 4.95331
4052 4.95331 4.95331
4053 4.95331 4.95331
4054 4.95331 4.95331
4055 4.95331 4.95331
4056 4.95331 4.95331
4057 4.95331 4.95331
4058 4.95331 4.95331
4059 4.95331 4.95331
4060 4.95331 4.95331
4061 4.95331 4.95331
4062 4.95331 4.95331
4063 4.95331 4.95331
4064 4.95331 4.95331
4065 4.95331 4.95331
4066 4.95331 4.95331
4067 4.95331 4.95331
4068 4.92592 4.95222
4069 4.92592 4.94126
4070 4.92592 4.92921
4071 4.92592 4.92592
4072 4.92592 4.92592
4073 4.92592 4.92592
4074 4.92592 4.92592
4075 4.92592 4.92592
4076 4.92592 4.92592
4077 4.92592 4.92592
4078 4.92592 4.92592
4079 4.92592 4.92592
4080 4.92592 4.92592
4081 4.92592 4.92592
4082 4.92592 4.92592
4083 4.92592 4.92592
4084 4.92592 4.92592
4085 4.92592 4.92592
4086 4.92592 4.92592
4087 4.92592 4.92592
4088 4.92592 4.92592
4089 4.92592 4.92592
4090 4.92592 4.92592
4091 4.92592 4.92592
4092 4.92592 4.92592
4093 4.92592 4.92592
4094 4.92592 4.92592
4095 4.92592 4.92592
4096 4.92592 4.92592
4097 4.92592 4.92592
4098 4.92592 4.92592
4099 4.92592 4.92592
4100 4.92592 4.92592
4101 4.92592 4.92592
4102 4.92592 4.92592
4103 4.92592 4.92592
4104 4.92592 4.92592
4105 4.92592 4.92592
4106 4.92592 4.92592
4107 4.92592 4.92592
4108 4.92592 4.92592
4109 4.92592 4.92592
4110 4.92592 4.92592
4111 4.92592 4.92592
4112 4.92592 4.92592
4113 4.92592 4.92592
4114 4.92592 4.92592
4115 4.92592 4.92592
4116 4.92592 4.92592
4117 4.92592 4.92592
4118 4.92592 4.92592
4119 4.92592 4.92592
4120 4.92592 4.92592
4121 4.92592 4.92592
4122 4.92592 4.92592
4123 4.92592 4.92592
4124 4.92592 4.92592
4125 4.92592 4.92592
4126 4.92592 4.92592
4127 4.92592 4.92592
4128 4.92592 4.92592
4129 4.92592 4.92592
4130 4.92592 4.92592
4131 4.92592 4.92592
4132 4.92592 4.92592
4133 4.92592 4.92592
4134 4.92592 4.92592
4135 4.92592 4.92592
4136 4.92592 4.92592
4137 4.92592 4.92592
4138 4.92592 4.92592
4139 4.92592 4.92592
4140 4.92592 4.92592
4141 4.92592 4.92592
4142 4.92592 4.92592
4143 4.92592 4.92592
4144 4.92592 4.92592
4145 4.92592 4.92592
4146 4.92592 4.92592
4147 4.92592 4.92592
4148 4.92592 4.92592
4149 4.92592 4.92592
4150 4.92592 4.92592
4151 4.92592 4.92592
4152 4.92592 4.92592
4153 4.92592 4.92592
4154 4.92592 4.92592
4155 4.92592 4.92592
4156 4.92592 4.92592
4157 4.92592 4.92592
4158 4.92592 4.92592
4159 4.92592 4.92592
4160 4.92592 4.92592
4161 4.92592 4.92592
4162 4.92592 4.92592
4163 4.92592 4.92592
4164 4.92592 4.92592
4165 4.92592 4.92592
4166 4.92592 4.92592
4167 4.92592 4.92592
4168 4.92592 4.92592
4169 4.92592 4.92592
4170 4.92592 4.92592
4171 4.92592 4.92592
4172 4.92592 4.92592
4173 4.92592 4.92592
4174 4.92592 4.92592
4175 4.92592 4.92592
4176 4.92592 4.92592
4177 4.92592 4.92592
4178 4.92592 4.92592
4179 4.92592 4.92592
4180 4.92592 4.92592
4181 4.92592 4.92592
4182 4.92592 4.92592
4183 4.92592 4.92592
4184 4.92592 4.92592
4185 4.92592 4.92592
4186 4.92592 4.92592
4187 4.92592 4.92592
4188 4.92592 4.92592
4189 4.92592 4.92592
4190 4.92592 4.92592
4191 4.92592 4.92592
4192 4.92592 4.92592
4193 4.92592 4.92592
4194 4.92592 4.92592
4195 4.92592 4.92592
4196 4.92592 4.92592
4197 4.92592 4.92592
4198 4.92592 4.92592
4199 4.92592 4.92592
4200 4.92592 4.92592
4201 4.92592 4.92592
4202 4.92592 4.92592
4203 4.92592 4.92592
4204 4.92592 4.92592
4205 4.92592 4.92592
4206 4.92592 4.92592
4207 4.92592 4.92592
4208 4.92592 4.92592
4209 4.92592 4.92592
4210 4.92592 4.92592
4211 4.92592 4.92592
4212 4.92592 4.92592
4213 4.92592 4.92592
4214 4.92592 4.92592
4215 4.92592 4.92592
4216 4.92592 4.92592
4217 4.92592 4.92592
4218 4.92592 4.92592
4219 4.92592 4.92592
4220 4.92592 4.92592
4221 4.92592 4.92592
4222 4.92592 4.92592
4223 4.92592 4.92592
4224 4.92592 4.92592
4225 4.92592 4.92592
4226 4.92592 4.92592
4227 4.92592 4.92592
4228 4.92592 4.92592
4229 4.92592 4.92592
4230 4.92592 4.92592
4231 4.92592 4.92592
4232 4.92592 4.92592
4233 4.92592 4.92592
4234 4.92592 4.92592
4235 4.92592 4.92592
4236 4.92592 4.92592
4237 4.92592 4.92592
4238 4.92592 4.92592
4239 4.92592 4.92592
4240 4.92592 4.92592
4241 4.92592 4.92592
4242 4.92592 4.92592
4243 4.92592 4.92592
4244 4.92592 4.92592
4245 4.92592 4.92592
4246 4.92592 4.92592
4247 4.92592 4.92592
4248 4.92592 4.92592
4249 4.92592 4.92592
4250 4.92592 4.92592
4251 4.92592 4.92592
4252 4.92592 4.92592
4253 4.92592 4.92592
4254 4.92592 4.92592
4255 4.92592 4.92592
4256 4.92592 4.92592
4257 4.92592 4.92592
4258 4.92592 4.92592
4259 4.92592 4.92592
4260 4.92592 4.92592
4261 4.92592 4.92592
4262 4.92592 4.92592
4263 4.92592 4.92592
4264 4.92592 4.92592
4265 4.92592 4.92592
4266 4.92592 4.92592
4267 4.92592 4.92592
4268 4.92592 4.92592
4269 4.92592 4.92592
4270 4.92592 4.92592
4271 4.92592 4.92592
4272 4.92592 4.92592
4273 4.92592 4.92592
4274 4.92592 4.92592
4275 4.92592 4.92592
4276 4.92592 4.92592
4277 4.92592 4.92592
4278 4.92592 4.92592
4279 4.92592 4.92592
4280 4.92592 4.92592
4281 4.92592 4.92592
4282 4.92592 4.92592
4283 4.92592 4.92592
4284 4.92592 4.92592
4285 4.92592 4.92592
4286 4.92592 4.92592
4287 4.92592 4.92592
4288 4.92592 4.92592
4289 4.92592 4.92592
4290 4.92592 4.92592
4291 4.92592 4.92592
4292 4.92592 4.92592
4293 4.92592 4.92592
4294 4.92592 4.92592
4295 4.92592 4.92592
4296 4.92592 4.92592
4297 4.92592 4.92592
4298 4.92592 4.92592
4299 4.92592 4.92592
4300 4.92592 4.92592
4301 4.92592 4.92592
4302 4.92592 4.92592
4303 4.92592 4.92592
4304 4.92592 4.92592
4305 4.92592 4.92592
4306 4.92592 4.92592
4307 4.92592 4.92592
4308 4.92592 4.92592
4309 4.92592 4.92592
4310 4.92592 4.92592
4311 4.92592 4.92592
4312 4.92592 4.92592
4313 4.92592 4.92592
4314 4.92592 4.92592
4315 4.92592 4.92592
4316 4.92592 4.92592
4317 4.92592 4.92592
4318 4.92592 4.92592
4319 4.92592 4.92592
4320 4.92592 4.92592
4321 4.92592 4.92592
4322 4.92592 4.92592
4323 4.92592 4.92592
4324 4.92592 4.92592
4325 4.92592 4.92592
4326 4.92592 4.92592
4327 4.92592 4.92592
4328 4.92592 4.92592
4329 4.92592 4.92592
4330 4.92592 4.92592
4331 4.92592 4.92592
4332 4.92592 4.92592
4333 4.92592 4.92592
4334 4.92592 4.92592
4335 4.92592 4.92592
4336 4.92592 4.92592
4337 4.92592 4.92592
4338 4.92592 4.92592
4339 4.92592 4.92592
4340 4.92592 4.92592
4341 4.92592 4.92592
4342 4.92592 4.92592
4343 4.92592 4.92592
4344 4.92592 4.92592
4345 4.92592 4.92592
4346 4.92592 4.92592
4347 4.92592 4.92592
4348 4.92592 4.92592
4349 4.92592 4.92592
4350 4.92592 4.92592
4351 4.92592 4.92592
4352 4.92592 4.92592
4353 4.92592 4.92592
4354 4.92592 4.92592
4355 4.92592 4.92592
4356 4.92592 4.92592
4357 4.92592 4.92592
4358 4.92592 4.92592
4359 4.92592 4.92592
4360 4.92592 4.92592
4361 4.92592 4.92592
4362 4.92592 4.92592
4363 4.92592 4.92592
4364 4.92592 4.92592
4365 4.92592 4.92592
4366 4.92592 4.92592
4367 4.92592 4.92592
4368 4.92592 4.92592
4369 4.92592 4.92592
4370 4.92592 4.92592
4371 4.92592 4.92592
4372 4.92592 4.92592
4373 4.92592 4.92592
4374 4.92592 4.92592
4375 4.92592 4.92592
4376 4.92592 4.92592
4377 4.92592 4.92592
4378 4.92592 4.92592
4379 4.92592 4.92592
4380 4.92592 4.92592
4381 4.92592 4.92592
4382 4.92592 4.92592
4383 4.92592 4.92592
4384 4.92592 4.92592
4385 4.92592 4.92592
4386 4.92592 4.92592
4387 4.92592 4.92592
4388 4.92592 4.92592
4389 4.92592 4.92592
4390 4.92592 4.92592
4391 4.92592 4.92592
4392 4.92592 4.92592
4393 4.92592 4.92592
4394 4.92592 4.92592
4395 4.92592 4.92592
4396 4.92592 4.92592
4397 4.92592 4.92592
4398 4.92592 4.92592
4399 4.92592 4.92592
4400 4.92592 4.92592
4401 4.92592 4.92592
4402 4.92592 4.92592
4403 4.92592 4.92592
4404 4.92592 4.92592
4405 4.92592 4.92592
4406 4.92592 4.92592
4407 4.92592 4.92592
4408 4.92592 4.92592
4409 4.92592 4.92592
4410 4.92592 4.92592
4411 4.92592 4.92592
4412 4.92592 4.92592
4413 4.92592 4.92592
4414 4.92592 4.92592
4415 4.92592 4.92592
4416 4.92592 4.92592
4417 4.92592 4.92592
4418 4.92592 4.92592
4419 4.92592 4.92592
4420 4.92592 4.92592
4421 4.92592 4.92592
4422 4.92592 4.92592
4423 4.92592 4.92592
4424 4.92592 4.92592
4425 4.92592 4.92592
4426 4.92592 4.92592
4427 4.92592 4.92592
4428 4.92592 4.92592
4429 4.92592 4.92592
4430 4.92592 4.92592
4431 4.92592 4.92592
4432 4.92592 4.92592
4433 4.92592 4.92592
4434 4.92592 4.92592
4435 4.92592 4.92592
4436 4.92592 4.92592
4437 4.92592 4.92592
4438 4.92592 4.92592
4439 4.92592 4.92592
4440 4.92592 4.92592
4441 4.92592 4.92592
4442 4.92592 4.92592
4443 4.92592 4.92592
4444 4.92592 4.92592
4445 4.92592 4.92592
4446 4.92592 4.92592
4447 4.92592 4.92592
4448 4.92592 4.92592
4449 4.92592 4.92592
4450 4.92592 4.92592
4451 4.92592 4.92592
4452 4.92592 4.92592
4453 4.92592 4.92592
4454 4.92592 4.92592
4455 4.92592 4.92592
4456 4.92592 4.92592
4457 4.92592 4.92592
4458 4.92592 4.92592
4459 4.92592 4.92592
4460 4.92592 4.92592
4461 4.92592 4.92592
4462 4.92592 4.92592
4463 4.92592 4.92592
4464 4.92592 4.92592
4465 4.92592 4.92592
4466 4.92592 4.92592
4467 4.92592 4.92592
4468 4.92592 4.92592
4469 4.92592 4.92592
4470 4.92592 4.92592
4471 4.92592 4.92592
4472 4.92592 4.92592
4473 4.92592 4.92592
4474 4.92592 4.92592
4475 4.92592 4.92592
4476 4.92592 4.92592
4477 4.92592 4.92592
4478 4.92592 4.92592
4479 4.92592 4.92592
4480 4.92592 4.92592
4481 4.92592 4.92592
4482 4.92592 4.92592
4483 4.92592 4.92592
4484 4.92592 4.92592
4485 4.92592 4.92592
4486 4.92592 4.92592
4487 4.92592 4.92592
4488 4.92592 4.92592
4489 4.92592 4.92592
4490 4.92592 4.92592
4491 4.92592 4.92592
4492 4.92592 4.92592
4493 4.92592 4.92592
4494 4.92592 4.92592
4495 4.92592 4.92592
4496 4.92592 4.92592
4497 4.92592 4.92592
4498 4.92592 4.92592
4499 4.92592 4.92592
4500 4.92592 4.92592
4501 4.92592 4.92592
4502 4.92592 4.92592
4503 4.92592 4.92592
4504 4.92592 4.92592
4505 4.92592 4.92592
4506 4.92592 4.92592
4507 4.92592 4.92592
4508 4.92592 4.92592
4509 4.92592 4.92592
4510 4.92592 4.92592
4511 4.92592 4.92592
4512 4.92592 4.92592
4513 4.92592 4.92592
4514 4.92592 4.92592
4515 4.92592 4.92592
4516 4.92592 4.92592
4517 4.92592 4.92592
4518 4.92592 4.92592
4519 4.92592 4.92592
4520 4.92592 4.92592
4521 4.92592 4.92592
4522 4.92592 4.92592
4523 4.92592 4.92592
4524 4.92592 4.92592
4525 4.92592 4.92592
4526 4.92592 4.92592
4527 4.92592 4.92592
4528 4.92592 4.92592
4529 4.92592 4.92592
4530 4.92592 4.92592
4531 4.92592 4.92592
4532 4.92592 4.92592
4533 4.92592 4.92592
4534 4.92592 4.92592
4535 4.92592 4.92592
4536 4.92592 4.92592
4537 4.92592 4.92592
4538 4.92592 4.92592
4539 4.92592 4.92592
4540 4.92592 4.92592
4541 4.92592 4.92592
4542 4.92592 4.92592
4543 4.92592 4.92592
4544 4.92592 4.92592
4545 4.92592 4.92592
4546 4.92592 4.92592
4547 4.92592 4.92592
4548 4.92592 4.92592
4549 4.92592 4.92592
4550 4.92592 4.92592
4551 4.92592 4.92592
4552 4.92592 4.92592
4553 4.92592 4.92592
4554 4.92592 4.92592
4555 4.92592 4.92592
4556 4.92592 4.92592
4557 4.92592 4.92592
4558 4.92592 4.92592
4559 4.92592 4.92592
4560 4.92592 4.92592
4561 4.92592 4.92592
4562 4.92592 4.92592
4563 4.92592 4.92592
4564 4.92592 4.92592
4565 4.92592 4.92592
4566 4.92592 4.92592
4567 4.92592 4.92592
4568 4.92592 4.92592
4569 4.92592 4.92592
4570 4.92592 4.92592
4571 4.92592 4.92592
4572 4.92592 4.92592
4573 4.92592 4.92592
4574 4.92592 4.92592
4575 4.92592 4.92592
4576 4.92592 4.92592
4577 4.92592 4.92592
4578 4.92592 4.92592
4579 4.92592 4.92592
4580 4.92592 4.92592
4581 4.92592 4.92592
4582 4.92592 4.92592
4583 4.92592 4.92592
4584 4.92592 4.92592
4585 4.92592 4.92592
4586 4.92592 4.92592
4587 4.92592 4.92592
4588 4.92592 4.92592
4589 4.92592 4.92592
4590 4.92592 4.92592
4591 4.92592 4.92592
4592 4.92592 4.92592
4593 4.92592 4.92592
4594 4.92592 4.92592
4595 4.92592 4.92592
4596 4.92592 4.92592
4597 4.92592 4.92592
4598 4.92592 4.92592
4599 4.92592 4.92592
4600 4.92592 4.92592
4601 4.92592 4.92592
4602 4.92592 4.92592
4603 4.92592 4.92592
4604 4.92592 4.92592
4605 4.92592 4.92592
4606 4.92592 4.92592
4607 4.92592 4.92592
4608 4.92592 4.92592
4609 4.92592 4.92592
4610 4.92592 4.92592
4611 4.92592 4.92592
4612 4.92592 4.92592
4613 4.92592 4.92592
4614 4.92592 4.92592
4615 4.92592 4.92592
4616 4.92592 4.92592
4617 4.92592 4.92592
4618 4.92592 4.92592
4619 4.92592 4.92592
4620 4.92592 4.92592
4621 4.92592 4.92592
4622 4.92592 4.92592
4623 4.92592 4.92592
4624 4.92592 4.92592
4625 4.92592 4.92592
4626 4.92592 4.92592
4627 4.92592 4.92592
4628 4.92592 4.92592
4629 4.92592 4.92592
4630 4.92592 4.92592
4631 4.92592 4.92592
4632 4.92592 4.92592
4633 4.92592 4.92592
4634 4.92592 4.92592
4635 4.92592 4.92592
4636 4.92592 4.92592
4637 4.92592 4.92592
4638 4.92592 4.92592
4639 4.92592 4.92592
4640 4.92592 4.92592
4641 4.92592 4.92592
4642 4.92592 4.92592
4643 4.92592 4.92592
4644 4.92592 4.92592
4645 4.92592 4.92592
4646 4.92592 4.92592
4647 4.92592 4.92592
4648 4.92592 4.92592
4649 4.92592 4.92592
4650 4.92592 4.92592
4651 4.92592 4.92592
4652 4.92592 4.92592
4653 4.92592 4.92592
4654 4.92592 4.92592
4655 4.92592 4.92592
4656 4.92592 4.92592
4657 4.92592 4.92592
4658 4.92592 4.92592
4659 4.92592 4.92592
4660 4.92592 4.92592
4661 4.92592 4.92592
4662 4.92592 4.92592
4663 4.92592 4.92592
4664 4.92592 4.92592
4665 4.92592 4.92592
4666 4.92592 4.92592
4667 4.92592 4.92592
4668 4.92592 4.92592
4669 4.92592 4.92592
4670 4.92592 4.92592
4671 4.92592 4.92592
4672 4.92592 4.92592
4673 4.92592 4.92592
4674 4.92592 4.92592
4675 4.92592 4.92592
4676 4.92592 4.92592
4677 4.92592 4.92592
4678 4.92592 4.92592
4679 4.92592 4.92592
4680 4.92592 4.92592
4681 4.92592 4.92592
4682 4.92592 4.92592
4683 4.92592 4.92592
4684 4.92592 4.92592
4685 4.92592 4.92592
4686 4.92592 4.92592
4687 4.92592 4.92592
4688 4.92592 4.92592
4689 4.92592 4.92592
4690 4.92592 4.92592
4691 4.92592 4.92592
4692 4.92592 4.92592
4693 4.92592 4.92592
4694 4.92592 4.92592
4695 4.92592 4.92592
4696 4.92592 4.92592
4697 4.92592 4.92592
4698 4.92592 4.92592
4699 4.92592 4.92592
4700 4.92592 4.92592
4701 4.92592 4.92592
4702 4.92592 4.92592
4703 4.92592 4.92592
4704 4.92592 4.92592
4705 4.92592 4.92592
4706 4.92592 4.92592
4707 4.92592 4.92592
4708 4.92592 4.92592
4709 4.92592 4.92592
4710 4.92592 4.92592
4711 4.92592 4.92592
4712 4.92592 4.92592
4713 4.92592 4.92592
4714 4.92592 4.92592
4715 4.92592 4.92592
4716 4.92592 4.92592
4717 4.92592 4.92592
4718 4.92592 4.92592
4719 4.92592 4.92592
4720 4.92592 4.92592
4721 4.92592 4.92592
4722 4.92592 4.92592
4723 4.92592 4.92592
4724 4.92592 4.92592
4725 4.92592 4.92592
4726 4.92592 4.92592
4727 4.92592 4.92592
4728 4.92592 4.92592
4729 4.92592 4.92592
4730 4.92592 4.92592
4731 4.92592 4.92592
4732 4.92592 4.92592
4733 4.92592 4.92592
4734 4.92592 4.92592
4735 4.92592 4.92592
4736 4.92592 4.92592
4737 4.92592 4.92592
4738 4.92592 4.92592
4739 4.92592 4.92592
4740 4.92592 4.92592
4741 4.92592 4.92592
4742 4.92592 4.92592
4743 4.92592 4.92592
4744 4.92592 4.92592
4745 4.92592 4.92592
4746 4.92592 4.92592
4747 4.92592 4.92592
4748 4.92592 4.92592
4749 4.92592 4.92592
4750 4.92592 4.92592
4751 4.92592 4.92592
4752 4.92592 4.92592
4753 4.92592 4.92592
4754 4.92592 4.92592
4755 4.92592 4.92592
4756 4.92592 4.92592
4757 4.92592 4.92592
4758 4.92592 4.92592
4759 4.92592 4.92592
4760 4.92592 4.92592
4761 4.92592 4.92592
4762 4.92592 4.92592
4763 4.92592 4.92592
4764 4.92592 4.92592
4765 4.92592 4.92592
4766 4.92592 4.92592
4767 4.92592 4.92592
4768 4.92592 4.92592
4769 4.92592 4.92592
4770 4.92592 4.92592
4771 4.92592 4.92592
4772 4.92592 4.92592
4773 4.92592 4.92592
4774 4.92592 4.92592
4775 4.92592 4.92592
4776 4.92592 4.92592
4777 4.92592 4.92592
4778 4.92592 4.92592
4779 4.92592 4.92592
4780 4.92592 4.92592
4781 4.92592 4.92592
4782 4.92592 4.92592
4783 4.92592 4.92592
4784 4.92592 4.92592
4785 4.92592 4.92592
4786 4.92592 4.92592
4787 4.92592 4.92592
4788 4.92592 4.92592
4789 4.92592 4.92592
4790 4.92592 4.92592
4791 4.92592 4.92592
4792 4.92592 4.92592
4793 4.92592 4.92592
4794 4.92592 4.92592
4795 4.92592 4.92592
4796 4.92592 4.92592
4797 4.92592 4.92592
4798 4.92592 4.92592
4799 4.92592 4.92592
4800 4.92592 4.92592
4801 4.92592 4.92592
4802 4.92592 4.92592
4803 4.92592 4.92592
4804 4.92592 4.92592
4805 4.92592 4.92592
4806 4.92592 4.92592
4807 4.92592 4.92592
4808 4.92592 4.92592
4809 4.92592 4.92592
4810 4.92592 4.92592
4811 4.92592 4.92592
4812 4.92592 4.92592
4813 4.92592 4.92592
4814 4.92592 4.92592
4815 4.92592 4.92592
4816 4.92592 4.92592
4817 4.92592 4.92592
4818 4.92592 4.92592
4819 4.92592 4.92592
4820 4.92592 4.92592
4821 4.92592 4.92592
4822 4.92592 4.92592
4823 4.92592 4.92592
4824 4.92592 4.92592
4825 4.92592 4.92592
4826 4.92592 4.92592
4827 4.92592 4.92592
4828 4.92592 4.92592
4829 4.92592 4.92592
4830 4.92592 4.92592
4831 4.92592 4.92592
4832 4.92592 4.92592
4833 4.92592 4.92592
4834 4.92592 4.92592
4835 4.92592 4.92592
4836 4.92592 4.92592
4837 4.92592 4.92592
4838 4.92592 4.92592
4839 4.92592 4.92592
4840 4.92592 4.92592
4841 4.92592 4.92592
4842 4.92592 4.92592
4843 4.92592 4.92592
4844 4.92592 4.92592
4845 4.92592 4.92592
4846 4.92592 4.92592
4847 4.92592 4.92592
4848 4.92592 4.92592
4849 4.92592 4.92592
4850 4.92592 4.92592
4851 4.92592 4.92592
4852 4.92592 4.92592
4853 4.92592 4.92592
4854 4.92592 4.92592
4855 4.92592 4.92592
4856 4.92592 4.92592
4857 4.92592 4.92592
4858 4.92592 4.92592
4859 4.92592 4.92592
4860 4.92592 4.92592
4861 4.92592 4.92592
4862 4.92592 4.92592
4863 4.92592 4.92592
4864 4.92592 4.92592
4865 4.92592 4.92592
4866 4.92592 4.92592
4867 4.92592 4.92592
4868 4.92592 4.92592
4869 4.92592 4.92592
4870 4.92592 4.92592
4871 4.92592 4.92592
4872 4.92592 4.92592
4873 4.92592 4.92592
4874 4.92592 4.92592
4875 4.92592 4.92592
4876 4.92592 4.92592
4877 4.92592 4.92592
4878 4.92592 4.92592
4879 4.92592 4.92592
4880 4.92592 4.92592
4881 4.92592 4.92592
4882 4.92592 4.92592
4883 4.92592 4.92592
4884 4.92592 4.92592
4885 4.92592 4.92592
4886 4.92592 4.92592
4887 4.92592 4.92592
4888 4.92592 4.92592
4889 4.92592 4.92592
4890 4.92592 4.92592
4891 4.92592 4.92592
4892 4.92592 4.92592
4893 4.92592 4.92592
4894 4.92592 4.92592
4895 4.92592 4.92592
4896 4.92592 4.92592
4897 4.92592 4.92592
4898 4.92592 4.92592
4899 4.92592 4.92592
4900 4.92592 4.92592
4901 4.92592 4.92592
4902 4.92592 4.92592
4903 4.92592 4.92592
4904 4.92592 4.92592
4905 4.92592 4.92592
4906 4.92592 4.92592
4907 4.92592 4.92592
4908 4.92592 4.92592
4909 4.92592 4.92592
4910 4.92592 4.92592
4911 4.92592 4.92592
4912 4.92592 4.92592
4913 4.92592 4.92592
4914 4.92592 4.92592
4915 4.92592 4.92592
4916 4.92592 4.92592
4917 4.92592 4.92592
4918 4.92592 4.92592
4919 4.92592 4.92592
4920 4.92592 4.92592
4921 4.92592 4.92592
4922 4.92592 4.92592
4923 4.92592 4.92592
4924 4.92592 4.92592
4925 4.92592 4.92592
4926 4.92592 4.92592
4927 4.92592 4.92592
4928 4.92592 4.92592
4929 4.92592 4.92592
4930 4.92592 4.92592
4931 4.92592 4.92592
4932 4.92592 4.92592
4933 4.92592 4.92592
4934 4.92592 4.92592
4935 4.92592 4.92592
4936 4.92592 4.92592
4937 4.92592 4.92592
4938 4.92592 4.92592
4939 4.92592 4.92592
4940 4.92592 4.92592
4941 4.92592 4.92592
4942 4.92592 4.92592
4943 4.92592 4.92592
4944 4.92592 4.92592
4945 4.92592 4.92592
4946 4.92592 4.92592
4947 4.92592 4.92592
4948 4.92592 4.92592
4949 4.92592 4.92592
4950 4.92592 4.92592
4951 4.92592 4.92592
4952 4.92592 4.92592
4953 4.92592 4.92592
4954 4.92592 4.92592
4955 4.92592 4.92592
4956 4.92592 4.92592
4957 4.92592 4.92592
4958 4.92592 4.92592
4959 4.92592 4.92592
4960 4.92592 4.92592
4961 4.92592 4.92592
4962 4.92592 4.92592
4963 4.92592 4.92592
4964 4.92592 4.92592
4965 4.92592 4.92592
4966 4.92592 4.92592
4967 4.92592 4.92592
4968 4.92592 4.92592
4969 4.92592 4.92592
4970 4.92592 4.92592
4971 4.92592 4.92592
4972 4.92592 4.92592
4973 4.92592 4.92592
4974 4.92592 4.92592
4975 4.92592 4.92592
4976 4.92592 4.92592
4977 4.92592 4.92592
4978 4.92592 4.92592
4979 4.92592 4.92592
4980 4.92592 4.92592
4981 4.92592 4.92592
4982 4.92592 4.92592
4983 4.92592 4.92592
4984 4.92592 4.92592
4985 4.92592 4.92592
4986 4.92592 4.92592
4987 4.92592 4.92592
4988 4.92592 4.92592
4989 4.92592 4.92592
4990 4.92592 4.92592
4991 4.92592 4.92592
4992 4.92592 4.92592
4993 4.92592 4.92592
4994 4.92592 4.92592
4995 4.92592 4.92592
4996 4.92592 4.92592
4997 4.92592 4.92592
4998 4.92592 4.92592
4999 4.92592 4.92592
