0 34.4292 39.7011
1 33.7083 36.0578
2 33.016 34.7426
3 33.016 33.7426
4 32.7781 33.1095
5 32.2342 32.8531
6 31.0487 32.4769
7 30.6519 32.0882
8 30.5048 31.0584
9 29.3601 30.7386
10 28.9058 30.1722
11 28.9058 29.2703
12 27.7895 28.8009
13 25.0893 27.881
14 25.0696 26.1838
15 25.0696 25.0814
16 25.0696 25.0696
17 25.0694 25.0696
18 24.0739 25.0078
19 23.6825 24.6145
20 22.5141 23.8338
21 20.6741 22.994
22 20.0849 22.0452
23 19.0729 20.8019
24 19.0729 19.819
25 18.8339 19.4893
26 18.8339 19.2224
27 18.8339 18.8768
28 18.0407 18.8068
29 18.0407 18.3938
30 17.931 18.0795
31 17.9182 17.988
32 17.9182 17.9239
33 16.4837 17.86
34 16.4621 17.1197
35 16.4621 16.5337
36 16.4621 16.4621
37 16.4614 16.4621
38 15.8609 16.4378
39 15.2376 16.2444
40 15.2376 15.55
41 15.2376 15.238
42 15.2376 15.2376
43 15.0748 15.2311
44 15.0748 15.153
45 15.0538 15.0802
46 15.0538 15.0613
47 15.0409 15.0532
48 15.0395 15.0475
49 15.0395 15.0408
50 14.5795 15.0211
51 14.5652 14.7968
52 14.5652 14.6628
53 14.5652 14.5689
54 14.5652 14.5652
55 14.5652 14.5652
56 14.5652 14.5652
57 14.5652 14.5652
58 14.5652 14.5652
59 14.5652 14.5652
60 14.5652 14.5652
61 14.4969 14.5625
62 14.3662 14.5245
63 14.3551 14.4394
64 14.3551 14.3609
65 14.3551 14.3551
66 14.3551 14.3551
67 14.3551 14.3551
68 14.3551 14.3551
69 14.3293 14.354
70 14.0299 14.3362
71 12.3724 14.1388
72 10.1553 13.3823
73 9.90744 10.9422
74 9.90744 10.2602
75 9.90744 9.95162
76 9.90744 9.90744
77 9.90744 9.90744
78 9.90744 9.90744
79 9.90744 9.90744
80 9.90744 9.90744
81 9.90643 9.90736
82 9.90643 9.90707
83 9.90643 9.90643
84 9.90643 9.90643
85 9.90639 9.90643
86 9.90639 9.90641
87 9.90639 9.90639
88 9.90639 9.90639
89 9.90639 9.90639
90 9.90639 9.90639
91 9.90639 9.90639
92 9.90639 9.90639
93 9.90639 9.90639
94 9.90639 9.90639
95 9.36009 9.88454
96 9.36009 9.64417
97 9.36009 9.36009
98 9.36009 9.36009
99 9.36009 9.36009
100 9.36009 9.36009
101 9.36009 9.36009
102 9.34262 9.35939
103 9.34262 9.351
104 9.34262 9.3434
105 9.34262 9.34262
106 9.31134 9.33978
107 9.29145 9.33355
108 9.29145 9.60665
109 9.29145 9.49012
110 9.29145 9.4728
111 9.29145 9.29145
112 9.29145 9.29145
113 9.29145 9.29145
114 9.29145 9.29145
115 9.29145 9.29145
116 9.29145 9.29145
117 9.29145 9.29145
118 9.29145 9.29145
119 9.29145 9.29145
120 9.29145 9.29145
121 9.29145 9.29145
122 9.29145 9.29145
123 9.29145 9.29145
124 9.29145 9.29145
125 9.29145 9.29145
126 9.29145 9.29145
127 9.29145 9.29145
128 9.29145 9.29145
129 9.29145 9.29145
130 9.29145 9.29145
131 9.29145 9.29145
132 9.29145 9.29145
133 9.29145 9.29145
134 9.29145 9.29145
135 9.29145 9.29145
136 9.29145 9.29145
137 9.29145 9.29145
138 9.29145 9.29145
139 9.29145 9.29145
140 9.29145 9.29145
141 9.29145 9.29145
142 9.29145 9.29145
143 9.29145 9.29145
144 9.29145 9.29145
145 9.29145 9.29145
146 9.29145 9.29145
147 9.29145 9.29145
148 9.29145 9.29145
149 9.29145 9.29145
150 9.29145 9.29145
151 9.29145 9.29145
152 9.15834 9.28613
153 9.15834 9.24353
154 9.15834 9.20626
155 9.06965 9.15479
156 9.06965 9.11932
157 9.06965 9.0732
158 9.06965 9.06965
159 9.06965 9.06965
160 9.06965 9.06965
161 9.06965 9.06965
162 9.06965 9.06965
163 9.06965 9.06965
164 9.06965 9.06965
165 9.06965 9.06965
166 9.06965 9.06965
167 9.06965 9.06965
168 9.06965 9.06965
169 9.06965 9.06965
170 9.06965 9.06965
171 9.06965 9.06965
172 9.06965 9.06965
173 9.06965 9.06965
174 9.06965 9.06965
175 9.06965 9.06965
176 9.06965 9.06965
177 9.06965 9.06965
178 9.06965 9.06965
179 9.06965 9.06965
180 9.06965 9.06965
181 9.06965 9.06965
182 9.06965 9.06965
183 9.06965 9.06965
184 9.06965 9.06965
185 9.06965 9.06965
186 9.06965 9.06965
187 9.06965 9.06965
188 9.06965 9.06965
189 9.04371 9.06861
190 9.04371 9.06654
191 9.04371 9.05118
192 9.04371 9.04371
193 9.04371 9.04371
194 9.04371 9.04371
195 9.04371 9.04371
196 9.04371 9.04371
197 9.04371 9.04371
198 9.04371 9.04371
199 9.04371 9.04371
200 9.04371 9.04371
201 9.04371 9.04371
202 9.04371 9.04371
203 9.04371 9.04371
204 9.04371 9.04371
205 9.04371 9.04371
206 9.04371 9.04371
207 9.04371 9.04371
208 9.04371 9.04371
209 9.04371 9.04371
210 9.04371 9.04371
211 9.04371 9.04371
212 9.04371 9.04371
213 9.04371 9.04371
214 9.04371 9.04371
215 9.04371 9.04371
216 9.04371 9.04371
217 9.04371 9.04371
218 9.04371 9.04371
219 9.04371 9.04371
220 9.04371 9.04371
221 9.04371 9.04371
222 9.04371 9.04371
223 9.04371 9.04371
224 9.04371 9.04371
225 9.04371 9.04371
226 9.04371 9.04371
227 8.90878 9.03832
228 8.90878 8.98434
229 8.90878 8.90878
230 8.90878 8.90878
231 8.90878 8.90878
232 8.90878 8.90878
233 8.90878 8.90878
234 8.90878 8.90878
235 8.90878 8.90878
236 8.90878 8.90878
237 8.90878 8.90878
238 8.90878 8.90878
239 8.90878 8.90878
240 8.90878 8.90878
241 8.90878 8.90878
242 8.90878 8.90878
243 8.90878 8.90878
244 8.90878 8.90878
245 8.90878 8.90878
246 8.90878 8.90878
247 8.90878 8.90878
248 8.90878 8.90878
249 8.90878 8.90878
250 8.90878 8.90878
251 8.90878 8.90878
252 8.90878 8.90878
253 8.90878 8.90878
254 8.90878 8.90878
255 8.90878 8.90878
256 8.90878 8.90878
257 8.90878 8.90878
258 8.90878 8.90878
259 8.90878 8.90878
260 8.90878 8.90878
261 8.90878 8.90878
262 8.90878 8.90878
263 8.90878 8.90878
264 8.90878 8.90878
265 8.90878 8.90878
266 8.90878 8.90878
267 8.90878 8.90878
268 8.90878 8.90878
269 8.90878 8.90878
270 8.90878 8.90878
271 8.90878 8.90878
272 8.90878 8.90878
273 8.90878 8.90878
274 8.90878 8.90878
275 8.90878 8.90878
276 8.90878 8.90878
277 8.90878 8.90878
278 8.90878 8.90878
279 8.90878 8.90878
280 8.90878 8.90878
281 8.90878 8.90878
282 8.90878 8.90878
283 8.90878 8.90878
284 8.90878 8.90878
285 8.90878 8.90878
286 8.90878 8.90878
287 8.90878 8.90878
288 8.90878 8.90878
289 8.90878 8.90878
290 8.90878 8.90878
291 8.90878 8.90878
292 8.90878 8.90878
293 8.90878 8.90878
294 8.90878 8.90878
295 8.90878 8.90878
296 8.90878 8.90878
297 8.90878 8.90878
298 8.90878 8.90878
299 8.90878 8.90878
300 8.90878 8.90878
301 8.90878 8.90878
302 8.90878 8.90878
303 8.90878 8.90878
304 8.90878 8.90878
305 8.90878 8.90878
306 8.90878 8.90878
307 8.90878 8.90878
308 8.90878 8.90878
309 8.90878 8.90878
310 8.90878 8.90878
311 8.90878 8.90878
312 8.90878 8.90878
313 8.90878 8.90878
314 8.90878 8.90878
315 8.90878 8.90878
316 8.90878 8.90878
317 8.90878 8.90878
318 8.90878 8.90878
319 8.90878 8.90878
320 8.90878 8.90878
321 8.90878 8.90878
322 8.90878 8.90878
323 8.90878 8.90878
324 8.90878 8.90878
325 8.90878 8.90878
326 8.90878 8.90878
327 8.90878 8.90878
328 8.90878 8.90878
329 8.90878 8.90878
330 8.90878 8.90878
331 8.90878 8.90878
332 8.90878 8.90878
333 8.90878 8.90878
334 8.90878 8.90878
335 8.90878 8.90878
336 8.90878 8.90878
337 8.90878 8.90878
338 8.90878 8.90878
339 8.90878 8.90878
340 8.90878 8.90878
341 8.90878 8.90878
342 8.90878 8.90878
343 8.90878 8.90878
344 8.90878 8.90878
345 8.90878 8.90878
346 8.90878 8.90878
347 8.90878 8.90878
348 8.90878 8.90878
349 8.90878 8.90878
350 8.90878 8.90878
351 8.90878 8.90878
352 8.90878 8.90878
353 8.90878 8.90878
354 8.90878 8.90878
355 8.90878 8.90878
356 8.90878 8.90878
357 8.90878 8.90878
358 8.90878 8.90878
359 8.90878 8.90878
360 8.90878 8.90878
361 8.90878 8.90878
362 8.90878 8.90878
363 8.90878 8.90878
364 8.90878 8.90878
365 8.90878 8.90878
366 8.90878 8.90878
367 8.90878 8.90878
368 8.90878 8.90878
369 8.90878 8.90878
370 8.90878 8.90878
371 8.90878 8.90878
372 8.90878 8.90878
373 8.90878 8.90878
374 8.90878 8.90878
375 8.90878 8.90878
376 8.90878 8.90878
377 8.90878 8.90878
378 8.90878 8.90878
379 8.90878 8.90878
380 8.90878 8.90878
381 8.90878 8.90878
382 8.90878 8.90878
383 8.90878 8.90878
384 8.90878 8.90878
385 8.90878 8.90878
386 8.90878 8.90878
387 8.90878 8.90878
388 8.90878 8.90878
389 8.90878 8.90878
390 8.90878 8.90878
391 8.90878 8.90878
392 8.90878 8.90878
393 8.90878 8.90878
394 8.90878 8.90878
395 8.90878 8.90878
396 8.90878 8.90878
397 8.90878 8.90878
398 8.90878 8.90878
399 8.90878 8.90878
400 8.90878 8.90878
401 8.90878 8.90878
402 8.90878 8.90878
403 8.90878 8.90878
404 8.90878 8.90878
405 8.90878 8.90878
406 8.90878 8.90878
407 8.90878 8.90878
408 8.90878 8.90878
409 8.90878 8.90878
410 8.90878 8.90878
411 8.90878 8.90878
412 8.90878 8.90878
413 8.90878 8.90878
414 8.90878 8.90878
415 8.90878 8.90878
416 8.90878 8.90878
417 8.90878 8.90878
418 8.90878 8.90878
419 8.90878 8.90878
420 8.90878 8.90878
421 8.90878 8.90878
422 8.90878 8.90878
423 8.90878 8.90878
424 8.90878 8.90878
425 8.90878 8.90878
426 8.90878 8.90878
427 8.90878 8.90878
428 8.90878 8.90878
429 8.90878 8.90878
430 8.90878 8.90878
431 8.90878 8.90878
432 8.90878 8.90878
433 8.90878 8.90878
434 8.90878 8.90878
435 8.90878 8.90878
436 8.90878 8.90878
437 8.90878 8.90878
438 8.90878 8.90878
439 8.90878 8.90878
440 8.90878 8.90878
441 8.90878 8.90878
442 8.90878 8.90878
443 8.90878 8.90878
444 8.90878 8.90878
445 8.90878 8.90878
446 8.90878 8.90878
447 8.90878 8.90878
448 8.90878 8.90878
449 8.90878 8.90878
450 8.90878 8.90878
451 8.90878 8.90878
452 8.90878 8.90878
453 8.90878 8.90878
454 8.90878 8.90878
455 8.90878 8.90878
456 8.90878 8.90878
457 8.90878 8.90878
458 8.90878 8.90878
459 8.90878 8.90878
460 8.90878 8.90878
461 8.90878 8.90878
462 8.90878 8.90878
463 8.90878 8.90878
464 8.90878 8.90878
465 8.90878 8.90878
466 8.90878 8.90878
467 8.90878 8.90878
468 8.90878 8.90878
469 8.90878 8.90878
470 8.90878 8.90878
471 8.90878 8.90878
472 8.90878 8.90878
473 8.90878 8.90878
474 8.90878 8.90878
475 8.90878 8.90878
476 8.90878 8.90878
477 8.90878 8.90878
478 8.90878 8.90878
479 8.90878 8.90878
480 8.90878 8.90878
481 8.90878 8.90878
482 8.90878 8.90878
483 8.90878 8.90878
484 8.90878 8.90878
485 8.90878 8.90878
486 8.90878 8.90878
487 8.90878 8.90878
488 8.90878 8.90878
489 8.90878 8.90878
490 8.90878 8.90878
491 8.90878 8.90878
492 8.90878 8.90878
493 8.90878 8.90878
494 8.90878 8.90878
495 8.90878 8.90878
496 8.90878 8.90878
497 8.90878 8.90878
498 8.90878 8.90878
499 8.90878 8.90878
500 8.90878 8.90878
501 8.90878 8.90878
502 8.90878 8.90878
503 8.90878 8.90878
504 8.90878 8.90878
505 8.90878 8.90878
506 8.90878 8.90878
507 8.90878 8.90878
508 8.90878 8.90878
509 8.90878 8.90878
510 8.90878 8.90878
511 8.90878 8.90878
512 8.90878 8.90878
513 8.90878 8.90878
514 8.90878 8.90878
515 8.90878 8.90878
516 8.90878 8.90878
517 8.90878 8.90878
518 8.90878 8.90878
519 8.90878 8.90878
520 8.90878 8.90878
521 8.90878 8.90878
522 8.90878 8.90878
523 8.90878 8.90878
524 8.90878 8.90878
525 8.90878 8.90878
526 8.90878 8.90878
527 8.90878 8.90878
528 8.90878 8.90878
529 8.90878 8.90878
530 8.90878 8.90878
531 8.90878 8.90878
532 8.90878 8.90878
533 8.90878 8.90878
534 8.90878 8.90878
535 8.90878 8.90878
536 8.90878 8.90878
537 8.90878 8.90878
538 8.90878 8.90878
539 8.90878 8.90878
540 8.90878 8.90878
541 8.90878 8.90878
542 8.90878 8.90878
543 8.90878 8.90878
544 8.90878 8.90878
545 8.90878 8.90878
546 8.90878 8.90878
547 8.90878 8.90878
548 8.90878 8.90878
549 8.90878 8.90878
550 8.90878 8.90878
551 8.90878 8.90878
552 8.90878 8.90878
553 8.90878 8.90878
554 8.90878 8.90878
555 8.90878 8.90878
556 8.90878 8.90878
557 8.90878 8.90878
558 8.90878 8.90878
559 8.90878 8.90878
560 8.90878 8.90878
561 8.90878 8.90878
562 8.90878 8.90878
563 8.90878 8.90878
564 8.90878 8.90878
565 8.90878 8.90878
566 8.90878 8.90878
567 8.90878 8.90878
568 8.90878 8.90878
569 8.90878 8.90878
570 8.90878 8.90878
571 8.90878 8.90878
572 8.90878 8.90878
573 8.90878 8.90878
574 8.90878 8.90878
575 8.90878 8.90878
576 8.90878 8.90878
577 8.90878 8.90878
578 8.90878 8.90878
579 8.90878 8.90878
580 8.90878 8.90878
581 8.90878 8.90878
582 8.90878 8.90878
583 8.90878 8.90878
584 8.90878 8.90878
585 8.90878 8.90878
586 8.90878 8.90878
587 8.90878 8.90878
588 8.90878 8.90878
589 8.90878 8.90878
590 8.90878 8.90878
591 8.90878 8.90878
592 8.90878 8.90878
593 8.90878 8.90878
594 8.90878 8.90878
595 8.90878 8.90878
596 8.90878 8.90878
597 8.90878 8.90878
598 8.90878 8.90878
599 8.90878 8.90878
600 8.90878 8.90878
601 8.90878 8.90878
602 8.90878 8.90878
603 8.90878 8.90878
604 8.90878 8.90878
605 8.90878 8.90878
606 8.90878 8.90878
607 8.90878 8.90878
608 8.90878 8.90878
609 8.90878 8.90878
610 8.90878 8.90878
611 8.90878 8.90878
612 8.90878 8.90878
613 8.90878 8.90878
614 8.90878 8.90878
615 8.90878 8.90878
616 8.90878 8.90878
617 8.90878 8.90878
618 8.90878 8.90878
619 8.90878 8.90878
620 8.90878 8.90878
621 8.90878 8.90878
622 6.89659 8.8283
623 6.89659 8.34537
624 6.89659 7.54309
625 6.89659 6.89659
626 6.89659 6.89659
627 6.89659 6.89659
628 6.89659 6.89659
629 6.89659 6.89659
630 6.89659 6.89659
631 6.89659 6.89659
632 6.89659 6.89659
633 6.89659 6.89659
634 6.89659 6.89659
635 6.89659 6.89659
636 6.89659 6.89659
637 6.89659 6.89659
638 6.89659 6.89659
639 6.89659 6.89659
640 6.89659 6.89659
641 6.89659 6.89659
642 6.89659 6.89659
643 6.89659 6.89659
644 6.89659 6.89659
645 6.89659 6.89659
646 6.89659 6.89659
647 6.89659 6.89659
648 6.89659 6.89659
649 6.89659 6.89659
650 6.89659 6.89659
651 6.89659 6.89659
652 6.89659 6.89659
653 6.89659 6.89659
654 6.89659 6.89659
655 6.89659 6.89659
656 6.89659 6.89659
657 6.89659 6.89659
658 6.89659 6.89659
659 6.89659 6.89659
660 6.89659 6.89659
661 6.89659 6.89659
662 6.89659 6.89659
663 6.89659 6.89659
664 6.89659 6.89659
665 6.89659 6.89659
666 6.89659 6.89659
667 6.89659 6.89659
668 6.89659 6.89659
669 6.89659 6.89659
670 6.89659 6.89659
671 6.89659 6.89659
672 6.89659 6.89659
673 6.89659 6.89659
674 6.89659 6.89659
675 6.89659 6.89659
676 6.89659 6.89659
677 6.89659 6.89659
678 6.89659 6.89659
679 6.89659 6.89659
680 6.89659 6.89659
681 6.89659 6.89659
682 6.89659 6.89659
683 6.89659 6.89659
684 6.89659 6.89659
685 6.89659 6.89659
686 6.89659 6.89659
687 6.89659 6.89659
688 6.89659 6.89659
689 6.89659 6.89659
690 6.89659 6.89659
691 6.89659 6.89659
692 6.89659 6.89659
693 6.89659 6.89659
694 6.89659 6.89659
695 6.89659 6.89659
696 6.89659 6.89659
697 6.89659 6.89659
698 6.89659 6.89659
699 6.89659 6.89659
700 6.89659 6.89659
701 6.89659 6.89659
702 6.89659 6.89659
703 6.89659 6.89659
704 6.89659 6.89659
705 6.89659 6.89659
706 6.89659 6.89659
707 6.89659 6.89659
708 6.89659 6.89659
709 6.89659 6.89659
710 6.89659 6.89659
711 6.89659 6.89659
712 6.89659 6.89659
713 6.89659 6.89659
714 6.89659 6.89659
715 6.89659 6.89659
716 6.89659 6.89659
717 6.89659 6.89659
718 6.89659 6.89659
719 6.89659 6.89659
720 6.89659 6.89659
721 6.89659 6.89659
722 6.89659 6.89659
723 6.89659 6.89659
724 6.89659 6.89659
725 6.89659 6.89659
726 6.89659 6.89659
727 6.89659 6.89659
728 6.89659 6.89659
729 6.89659 6.89659
730 6.89659 6.89659
731 6.89659 6.89659
732 6.89659 6.89659
733 6.89659 6.89659
734 6.89659 6.89659
735 6.89659 6.89659
736 6.89659 6.89659
737 6.89659 6.89659
738 6.89659 6.89659
739 6.89659 6.89659
740 6.89659 6.89659
741 6.89659 6.89659
742 6.89659 6.89659
743 6.89659 6.89659
744 6.89659 6.89659
745 6.89659 6.89659
746 6.89659 6.89659
747 6.89659 6.89659
748 6.89659 6.89659
749 6.89659 6.89659
750 6.89659 6.89659
751 6.89659 6.89659
752 6.89659 6.89659
753 6.89659 6.89659
754 6.89659 6.89659
755 6.89659 6.89659
756 6.89659 6.89659
757 6.89659 6.89659
758 6.89659 6.89659
759 6.89659 6.89659
760 6.89659 6.89659
761 6.89659 6.89659
762 6.89659 6.89659
763 6.89659 6.89659
764 6.89659 6.89659
765 6.89659 6.89659
766 6.89659 6.89659
767 6.89659 6.89659
768 6.89659 6.89659
769 6.89659 6.89659
770 6.89659 6.89659
771 6.89659 6.89659
772 6.89659 6.89659
773 6.89659 6.89659
774 6.89659 6.89659
775 6.89659 6.89659
776 6.89659 6.89659
777 6.89659 6.89659
778 6.89659 6.89659
779 6.89659 6.89659
780 6.89659 6.89659
781 6.89659 6.89659
782 6.89659 6.89659
783 6.89659 6.89659
784 6.89659 6.89659
785 6.89659 6.89659
786 6.89659 6.89659
787 6.89659 6.89659
788 6.89659 6.89659
789 6.89659 6.89659
790 6.89659 6.89659
791 6.89659 6.89659
792 6.89659 6.89659
793 6.89659 6.89659
794 6.89659 6.89659
795 6.89659 6.89659
796 6.89659 6.89659
797 6.24306 6.87045
798 6.24306 6.72352
799 6.24306 6.25298
800 6.24306 6.24306
801 6.24306 6.24306
802 6.24306 6.24306
803 6.24306 6.24306
804 6.24306 6.24306
805 6.24306 6.24306
806 6.24306 6.24306
807 6.24306 6.24306
808 6.24306 6.24306
809 6.24306 6.24306
810 6.24306 6.24306
811 6.24306 6.24306
812 6.24306 6.24306
813 6.24306 6.24306
814 6.24306 6.24306
815 6.24306 6.24306
816 6.24306 6.24306
817 6.24306 6.24306
818 6.24306 6.24306
819 6.24306 6.24306
820 6.24306 6.24306
821 6.24306 6.24306
822 6.24306 6.24306
823 6.24306 6.24306
824 6.24306 6.24306
825 6.24306 6.24306
826 6.24306 6.24306
827 6.24306 6.24306
828 6.24306 6.24306
829 6.24306 6.24306
830 6.24306 6.24306
831 6.24306 6.24306
832 6.24306 6.24306
833 6.24306 6.24306
834 6.24306 6.24306
835 6.24306 6.24306
836 6.24306 6.24306
837 6.24306 6.24306
838 6.24306 6.24306
839 6.24306 6.24306
840 6.24306 6.24306
841 6.24306 6.24306
842 6.24306 6.24306
843 6.24306 6.24306
844 6.24306 6.24306
845 6.24306 6.24306
846 6.24306 6.24306
847 6.24306 6.24306
848 6.24306 6.24306
849 6.24306 6.24306
850 6.24306 6.24306
851 6.24306 6.24306
852 6.24306 6.24306
853 6.24306 6.24306
854 6.24306 6.24306
855 6.24306 6.24306
856 6.24306 6.24306
857 6.24306 6.24306
858 6.24306 6.24306
859 6.24306 6.24306
860 6.24306 6.24306
861 6.24306 6.24306
862 6.24306 6.24306
863 6.24306 6.24306
864 6.24306 6.24306
865 6.24306 6.24306
866 6.24306 6.24306
867 6.24306 6.24306
868 6.24306 6.24306
869 6.24306 6.24306
870 6.24306 6.24306
871 6.24306 6.24306
872 6.24306 6.24306
873 6.24306 6.24306
874 6.24306 6.24306
875 6.24306 6.24306
876 6.24306 6.24306
877 6.24306 6.24306
878 6.24306 6.24306
879 6.24306 6.24306
880 6.24306 6.24306
881 6.24306 6.24306
882 6.24306 6.24306
883 6.24306 6.24306
884 6.24306 6.24306
885 6.24306 6.24306
886 6.24306 6.24306
887 6.24306 6.24306
888 6.24306 6.24306
889 6.24306 6.24306
890 6.24306 6.24306
891 6.24306 6.24306
892 6.24306 6.24306
893 6.24306 6.24306
894 6.24306 6.24306
895 6.24306 6.24306
896 6.24306 6.24306
897 6.24306 6.24306
898 6.24306 6.24306
899 6.24306 6.24306
900 6.24306 6.24306
901 6.24306 6.24306
902 6.24306 6.24306
903 6.24306 6.24306
904 6.24306 6.24306
905 6.24306 6.24306
906 6.24306 6.24306
907 6.24306 6.24306
908 6.24306 6.24306
909 6.24306 6.24306
910 6.24306 6.24306
911 6.24306 6.24306
912 6.24306 6.24306
913 6.24306 6.24306
914 6.24306 6.24306
915 6.24306 6.24306
916 6.24306 6.24306
917 6.24306 6.24306
918 6.24306 6.24306
919 6.24306 6.24306
920 6.24306 6.24306
921 6.24306 6.24306
922 6.24306 6.24306
923 6.24306 6.24306
924 6.24306 6.24306
925 6.24306 6.24306
926 6.24306 6.24306
927 6.24306 6.24306
928 6.24306 6.24306
929 6.24306 6.24306
930 6.24306 6.24306
931 6.24306 6.24306
932 6.24306 6.24306
933 6.24306 6.24306
934 6.24306 6.24306
935 6.24306 6.24306
936 6.24306 6.24306
937 6.24306 6.24306
938 6.24306 6.24306
939 6.24306 6.24306
940 6.24306 6.24306
941 6.24306 6.24306
942 6.24306 6.24306
943 6.24306 6.24306
944 6.24306 6.24306
945 6.24306 6.24306
946 6.24306 6.24306
947 6.24306 6.24306
948 6.24306 6.24306
949 6.24306 6.24306
950 6.24306 6.24306
951 6.24306 6.24306
952 6.24306 6.24306
953 6.24306 6.24306
954 6.24306 6.24306
955 6.24306 6.24306
956 6.24306 6.24306
957 6.24306 6.24306
958 6.24306 6.24306
959 6.24306 6.24306
960 6.24306 6.24306
961 6.24306 6.24306
962 6.24306 6.24306
963 6.24306 6.24306
964 6.24306 6.24306
965 6.24306 6.24306
966 6.24306 6.24306
967 6.24306 6.24306
968 6.24306 6.24306
969 6.24306 6.24306
970 6.24306 6.24306
971 6.24306 6.24306
972 6.24306 6.24306
973 6.24306 6.24306
974 6.24306 6.24306
975 6.24306 6.24306
976 6.24306 6.24306
977 6.24306 6.24306
978 6.24306 6.24306
979 6.24306 6.24306
980 6.24306 6.24306
981 6.24306 6.24306
982 6.24306 6.24306
983 6.24306 6.24306
984 6.24306 6.24306
985 6.24306 6.24306
986 6.24306 6.24306
987 6.24306 6.24306
988 6.24306 6.24306
989 6.24306 6.24306
990 6.24306 6.24306
991 6.24306 6.24306
992 6.24306 6.24306
993 6.24306 6.24306
994 6.24306 6.24306
995 6.24306 6.24306
996 6.24306 6.24306
997 6.24306 6.24306
998 6.24306 6.24306
999 6.24306 6.24306
1000 6.24306 6.24306
1001 6.24306 6.24306
1002 6.24306 6.24306
1003 6.24306 6.24306
1004 6.24306 6.24306
1005 6.24306 6.24306
1006 6.24306 6.24306
1007 6.24306 6.24306
1008 6.24306 6.24306
1009 6.24306 6.24306
1010 6.24306 6.24306
1011 6.24306 6.24306
1012 6.24306 6.24306
1013 6.24306 6.24306
1014 6.24306 6.4439
1015 6.24306 6.39115
1016 6.24306 6.26764
1017 6.24306 6.24306
1018 6.24306 6.24306
1019 6.24306 6.24306
1020 6.24306 6.24306
1021 6.24306 6.24306
1022 6.24306 6.24306
1023 6.24306 6.24306
1024 6.24306 6.24306
1025 6.24306 6.24306
1026 6.24306 6.24306
1027 6.24306 6.24306
1028 6.24306 6.24306
1029 6.24306 6.24306
1030 6.24306 6.24306
1031 6.24306 6.24306
1032 6.24306 6.24306
1033 6.24306 6.24306
1034 6.24306 6.24306
1035 6.24306 6.24306
1036 6.24306 6.24306
1037 6.24306 6.24306
1038 6.24306 6.24306
1039 6.24306 6.24306
1040 6.24306 6.24306
1041 6.24306 6.24306
1042 6.24306 6.24306
1043 6.24306 6.24306
1044 6.24306 6.24306
1045 6.24306 6.24306
1046 6.24306 6.24306
1047 6.24306 6.24306
1048 6.24306 6.24306
1049 6.24306 6.24306
1050 6.24306 6.24306
1051 6.24306 6.24306
1052 6.24306 6.24306
1053 6.24306 6.24306
1054 6.24306 6.24306
1055 6.24306 6.24306
1056 6.24306 6.24306
1057 6.24306 6.24306
1058 6.24306 6.24306
1059 6.24306 6.24306
1060 6.24306 6.24306
1061 6.24306 6.24306
1062 6.24306 6.24306
1063 6.24306 6.24306
1064 6.24306 6.24306
1065 6.24306 6.24306
1066 6.24306 6.24306
1067 6.24306 6.24306
1068 6.24306 6.24306
1069 6.24306 6.24306
1070 6.24306 6.24306
1071 6.24306 6.24306
1072 6.24306 6.24306
1073 6.24306 6.24306
1074 6.24306 6.24306
1075 6.24306 6.24306
1076 6.24306 6.24306
1077 6.24306 6.24306
1078 6.24306 6.24306
1079 6.24306 6.24306
1080 6.24306 6.24306
1081 6.24306 6.24306
1082 6.24306 6.24306
1083 6.24306 6.24306
1084 6.24306 6.24306
1085 6.24306 6.24306
1086 6.24306 6.24306
1087 6.24306 6.24306
1088 6.24306 6.24306
1089 6.24306 6.24306
1090 6.24306 6.24306
1091 6.24306 6.24306
1092 6.24306 6.24306
1093 6.24306 6.24306
1094 6.24306 6.24306
1095 6.24306 6.24306
1096 6.24306 6.24306
1097 6.24306 6.24306
1098 6.24306 6.24306
1099 6.24306 6.24306
1100 6.24306 6.24306
1101 6.24306 6.24306
1102 6.24306 6.24306
1103 6.24306 6.24306
1104 6.24306 6.24306
1105 6.24306 6.24306
1106 6.24306 6.24306
1107 6.24306 6.24306
1108 6.24306 6.24306
1109 6.24306 6.24306
1110 6.24306 6.24306
1111 6.24306 6.24306
1112 6.24306 6.24306
1113 6.24306 6.24306
1114 6.24306 6.24306
1115 6.24306 6.24306
1116 6.24306 6.24306
1117 6.24306 6.24306
1118 6.24306 6.24306
1119 6.24306 6.24306
1120 6.24306 6.24306
1121 6.24306 6.24306
1122 6.24306 6.24306
1123 6.24306 6.24306
1124 6.24306 6.24306
1125 6.24306 6.24306
1126 6.24306 6.24306
1127 6.24306 6.24306
1128 6.24306 6.24306
1129 6.24306 6.24306
1130 6.24306 6.24306
1131 6.24306 6.24306
1132 6.24306 6.24306
1133 6.24306 6.24306
1134 6.24306 6.24306
1135 6.24306 6.24306
1136 6.24306 6.24306
1137 6.24306 6.24306
1138 6.24306 6.24306
1139 6.24306 6.24306
1140 6.24306 6.24306
1141 6.24306 6.24306
1142 6.24306 6.24306
1143 6.24306 6.24306
1144 6.24306 6.24306
1145 6.24306 6.24306
1146 6.24306 6.24306
1147 6.24306 6.24306
1148 6.24306 6.24306
1149 6.24306 6.24306
1150 6.24306 6.24306
1151 6.24306 6.24306
1152 6.24306 6.24306
1153 6.24306 6.24306
1154 6.24306 6.24306
1155 6.24306 6.24306
1156 6.24306 6.24306
1157 6.24306 6.24306
1158 6.24306 6.24306
1159 6.24306 6.24306
1160 6.24306 6.24306
1161 6.24306 6.24306
1162 6.24306 6.24306
1163 6.24306 6.24306
1164 6.24306 6.24306
1165 6.24306 6.24306
1166 6.24306 6.24306
1167 6.24306 6.24306
1168 6.24306 6.24306
1169 6.24306 6.24306
1170 6.24306 6.24306
1171 6.24306 6.24306
1172 6.24306 6.24306
1173 6.24306 6.24306
1174 6.24306 6.24306
1175 6.24306 6.24306
1176 6.24306 6.24306
1177 6.24306 6.24306
1178 6.24306 6.24306
1179 6.24306 6.24306
1180 6.24306 6.24306
1181 6.24306 6.24306
1182 6.24306 6.24306
1183 6.24306 6.24306
1184 6.24306 6.24306
1185 6.24306 6.24306
1186 6.24306 6.24306
1187 6.24306 6.24306
1188 6.24306 6.24306
1189 6.24306 6.24306
1190 6.24306 6.24306
1191 6.24306 6.24306
1192 6.24306 6.24306
1193 6.24306 6.24306
1194 6.24306 6.24306
1195 6.24306 6.24306
1196 6.24306 6.24306
1197 6.24306 6.24306
1198 6.24306 6.24306
1199 6.24306 6.24306
1200 6.24306 6.24306
1201 6.24306 6.24306
1202 6.24306 6.24306
1203 6.24306 6.24306
1204 6.24306 6.24306
1205 6.24306 6.24306
1206 6.24306 6.24306
1207 6.24306 6.24306
1208 6.24306 6.24306
1209 6.24306 6.24306
1210 6.24306 6.24306
1211 6.24306 6.24306
1212 6.24306 6.24306
1213 6.24306 6.24306
1214 6.24306 6.24306
1215 6.24306 6.24306
1216 6.24306 6.24306
1217 6.24306 6.24306
1218 6.24306 6.24306
1219 6.24306 6.24306
1220 6.24306 6.24306
1221 6.24306 6.24306
1222 6.24306 6.24306
1223 6.24306 6.24306
1224 6.24306 6.24306
1225 6.24306 6.24306
1226 6.24306 6.24306
1227 6.24306 6.24306
1228 6.24306 6.24306
1229 6.24306 6.24306
1230 6.24306 6.24306
1231 6.24306 6.24306
1232 6.24306 6.24306
1233 6.24306 6.24306
1234 6.24306 6.24306
1235 6.24306 6.24306
1236 6.24306 6.24306
1237 6.24306 6.24306
1238 6.24306 6.24306
1239 6.24306 6.24306
1240 6.24306 6.24306
1241 6.24306 6.24306
1242 6.24306 6.24306
1243 6.24306 6.24306
1244 6.24306 6.24306
1245 6.24306 6.24306
1246 6.24306 6.24306
1247 6.24306 6.24306
1248 6.24306 6.24306
1249 6.24306 6.24306
1250 6.24306 6.24306
1251 6.24306 6.24306
1252 6.24306 6.24306
1253 6.24306 6.24306
1254 6.24306 6.24306
1255 6.24306 6.24306
1256 6.24306 6.24306
1257 6.24306 6.24306
1258 6.24306 6.24306
1259 6.24306 6.24306
1260 6.24306 6.24306
1261 6.24306 6.24306
1262 6.24306 6.24306
1263 6.24306 6.24306
1264 6.24306 6.24306
1265 6.24306 6.24306
1266 6.24306 6.24306
1267 6.24306 6.24306
1268 6.24306 6.24306
1269 6.24306 6.24306
1270 6.24306 6.24306
1271 6.24306 6.24306
1272 6.24306 6.24306
1273 6.24306 6.24306
1274 6.24306 6.24306
1275 6.24306 6.24306
1276 6.24306 6.24306
1277 6.24306 6.24306
1278 6.24306 6.24306
1279 6.24306 6.24306
1280 6.24306 6.24306
1281 6.24306 6.24306
1282 6.24306 6.24306
1283 6.24306 6.24306
1284 6.24306 6.24306
1285 6.24306 6.24306
1286 6.24306 6.24306
1287 6.24306 6.24306
1288 6.24306 6.24306
1289 6.24306 6.24306
1290 6.24306 6.24306
1291 6.24306 6.24306
1292 6.24306 6.24306
1293 6.24306 6.24306
1294 6.24306 6.24306
1295 6.24306 6.24306
1296 6.24306 6.24306
1297 6.24306 6.24306
1298 6.24306 6.24306
1299 6.24306 6.24306
1300 6.24306 6.24306
1301 6.24306 6.24306
1302 6.24306 6.24306
1303 6.24306 6.24306
1304 6.24306 6.24306
1305 6.24306 6.24306
1306 6.24306 6.24306
1307 6.24306 6.24306
1308 6.24306 6.24306
1309 6.24306 6.24306
1310 6.24306 6.24306
1311 6.24306 6.24306
1312 6.24306 6.24306
1313 6.24306 6.24306
1314 6.24306 6.24306
1315 6.24306 6.24306
1316 6.24306 6.24306
1317 6.24306 6.24306
1318 6.24306 6.24306
1319 6.24306 6.24306
1320 6.24306 6.24306
1321 6.24306 6.24306
1322 6.24306 6.24306
1323 6.24306 6.24306
1324 6.24306 6.24306
1325 6.24306 6.24306
1326 6.24306 6.24306
1327 6.24306 6.24306
1328 6.24306 6.24306
1329 6.24306 6.24306
1330 6.24306 6.24306
1331 6.24306 6.24306
1332 6.24306 6.24306
1333 6.24306 6.24306
1334 6.24306 6.24306
1335 6.24306 6.24306
1336 6.24306 6.24306
1337 6.24306 6.24306
1338 6.24306 6.24306
1339 6.24306 6.24306
1340 6.24306 6.24306
1341 6.24306 6.24306
1342 6.24306 6.24306
1343 6.24306 6.24306
1344 6.24306 6.24306
1345 6.24306 6.24306
1346 6.24306 6.24306
1347 6.24306 6.24306
1348 6.24306 6.24306
1349 6.24306 6.24306
1350 6.24306 6.24306
1351 6.24306 6.24306
1352 6.24306 6.24306
1353 6.24306 6.24306
1354 6.24306 6.24306
1355 6.24306 6.24306
1356 6.24306 6.24306
1357 6.24306 6.24306
1358 6.24306 6.24306
1359 6.24306 6.24306
1360 6.24306 6.24306
1361 6.24306 6.24306
1362 6.24306 6.24306
1363 6.24306 6.24306
1364 6.24306 6.24306
1365 6.24306 6.24306
1366 6.24306 6.24306
1367 6.24306 6.24306
1368 6.24306 6.24306
1369 6.24306 6.24306
1370 6.24306 6.24306
1371 6.24306 6.24306
1372 6.24306 6.24306
1373 6.24306 6.24306
1374 6.24306 6.24306
1375 6.24306 6.24306
1376 6.24306 6.24306
1377 6.24306 6.24306
1378 6.24306 6.24306
1379 6.24306 6.24306
1380 6.24306 6.24306
1381 6.24306 6.24306
1382 6.24306 6.24306
1383 6.24306 6.24306
1384 6.24306 6.24306
1385 6.24306 6.24306
1386 6.24306 6.24306
1387 6.24306 6.24306
1388 6.24306 6.24306
1389 6.24306 6.24306
1390 6.24306 6.24306
1391 6.24306 6.24306
1392 6.24306 6.24306
1393 6.24306 6.24306
1394 6.24306 6.24306
1395 6.24306 6.24306
1396 6.24306 6.24306
1397 6.24306 6.24306
1398 6.24306 6.24306
1399 6.24306 6.24306
1400 6.24306 6.24306
1401 6.24306 6.24306
1402 6.24306 6.24306
1403 6.24306 6.24306
1404 6.24306 6.24306
1405 6.24306 6.24306
1406 6.24306 6.24306
1407 6.24306 6.24306
1408 6.24306 6.24306
1409 6.24306 6.24306
1410 6.24306 6.24306
1411 6.24306 6.24306
1412 6.24306 6.24306
1413 6.24306 6.24306
1414 6.24306 6.24306
1415 6.24306 6.24306
1416 6.24306 6.24306
1417 6.24306 6.24306
1418 6.24306 6.24306
1419 6.24306 6.24306
1420 6.24306 6.24306
1421 6.24306 6.24306
1422 6.24306 6.24306
1423 6.24306 6.24306
1424 6.24306 6.24306
1425 6.24306 6.24306
1426 6.24306 6.24306
1427 6.24306 6.24306
1428 6.24306 6.24306
1429 6.24306 6.24306
1430 6.24306 6.24306
1431 6.24306 6.24306
1432 6.24306 6.24306
1433 6.24306 6.24306
1434 6.24306 6.24306
1435 6.24306 6.24306
1436 6.24306 6.24306
1437 6.24306 6.24306
1438 6.24306 6.24306
1439 6.24306 6.24306
1440 6.24306 6.24306
1441 6.24306 6.24306
1442 6.24306 6.24306
1443 6.24306 6.24306
1444 6.24306 6.24306
1445 6.24306 6.24306
1446 6.24306 6.24306
1447 6.24306 6.24306
1448 6.24306 6.24306
1449 6.24306 6.24306
1450 6.24306 6.24306
1451 6.24306 6.24306
1452 6.24306 6.24306
1453 6.24306 6.24306
1454 6.24306 6.24306
1455 6.24306 6.24306
1456 6.24306 6.24306
1457 6.24306 6.24306
1458 6.24306 6.24306
1459 6.24306 6.24306
1460 6.24306 6.24306
1461 6.24306 6.24306
1462 6.24306 6.24306
1463 6.24306 6.24306
1464 6.24306 6.24306
1465 6.24306 6.24306
1466 6.24306 6.24306
1467 6.24306 6.24306
1468 6.24306 6.24306
1469 6.24306 6.24306
1470 6.24306 6.24306
1471 6.24306 6.24306
1472 6.24306 6.24306
1473 6.24306 6.24306
1474 6.24306 6.24306
1475 6.24306 6.24306
1476 6.24306 6.24306
1477 6.24306 6.24306
1478 6.24306 6.24306
1479 6.24306 6.24306
1480 6.24306 6.24306
1481 6.24306 6.24306
1482 6.24306 6.24306
1483 6.24306 6.24306
1484 6.24306 6.24306
1485 6.24306 6.24306
1486 6.24306 6.24306
1487 6.24306 6.24306
1488 6.24306 6.24306
1489 6.24306 6.24306
1490 6.24306 6.24306
1491 6.24306 6.24306
1492 6.24306 6.24306
1493 6.24306 6.24306
1494 6.24306 6.24306
1495 6.24306 6.24306
1496 6.24306 6.24306
1497 6.24306 6.24306
1498 6.24306 6.24306
1499 6.24306 6.24306
1500 6.24306 6.24306
1501 6.24306 6.24306
1502 6.24306 6.24306
1503 6.24306 6.24306
1504 6.24306 6.24306
1505 6.24306 6.24306
1506 6.24306 6.24306
1507 6.24306 6.24306
1508 6.24306 6.24306
1509 6.24306 6.24306
1510 6.24306 6.24306
1511 6.24306 6.24306
1512 6.24306 6.24306
1513 6.24306 6.24306
1514 6.24306 6.24306
1515 6.24306 6.24306
1516 6.24306 6.24306
1517 6.24306 6.24306
1518 6.24306 6.24306
1519 6.24306 6.24306
1520 6.24306 6.24306
1521 6.24306 6.24306
1522 6.24306 6.24306
1523 6.24306 6.24306
1524 6.24306 6.24306
1525 6.24306 6.24306
1526 6.24306 6.24306
1527 6.24306 6.24306
1528 6.24306 6.24306
1529 6.24306 6.24306
1530 6.24306 6.24306
1531 6.24306 6.24306
1532 6.24306 6.24306
1533 6.24306 6.24306
1534 6.24306 6.24306
1535 6.24306 6.24306
1536 6.24306 6.24306
1537 6.24306 6.24306
1538 6.24306 6.24306
1539 6.24306 6.24306
1540 6.24306 6.24306
1541 6.24306 6.24306
1542 6.24306 6.24306
1543 6.24306 6.24306
1544 6.24306 6.24306
1545 6.24306 6.24306
1546 6.24306 6.24306
1547 6.24306 6.24306
1548 6.24306 6.24306
1549 6.24306 6.24306
1550 6.24306 6.24306
1551 6.24306 6.24306
1552 6.24306 6.24306
1553 6.24306 6.24306
1554 6.24306 6.24306
1555 6.24306 6.24306
1556 6.24306 6.24306
1557 6.24306 6.24306
1558 6.24306 6.24306
1559 6.24306 6.24306
1560 6.24306 6.24306
1561 6.24306 6.24306
1562 6.24306 6.24306
1563 6.24306 6.24306
1564 6.24306 6.24306
1565 6.24306 6.24306
1566 6.24306 6.24306
1567 6.24306 6.24306
1568 6.24306 6.24306
1569 6.24306 6.24306
1570 6.24306 6.24306
1571 6.24306 6.24306
1572 6.24306 6.24306
1573 6.24306 6.24306
1574 6.24306 6.24306
1575 6.24306 6.24306
1576 6.24306 6.24306
1577 6.24306 6.24306
1578 6.24306 6.24306
1579 6.24306 6.24306
1580 6.24306 6.24306
1581 6.24306 6.24306
1582 6.24306 6.24306
1583 6.24306 6.24306
1584 6.24306 6.24306
1585 6.24306 6.24306
1586 6.24306 6.24306
1587 6.24306 6.24306
1588 6.24306 6.24306
1589 6.24306 6.24306
1590 6.24306 6.24306
1591 6.24306 6.24306
1592 6.24306 6.24306
1593 6.24306 6.24306
1594 6.24306 6.24306
1595 6.24306 6.24306
1596 6.24306 6.24306
1597 6.24306 6.24306
1598 6.24306 6.24306
1599 6.24306 6.24306
1600 6.24306 6.24306
1601 6.24306 6.24306
1602 6.24306 6.24306
1603 6.24306 6.24306
1604 6.24306 6.24306
1605 6.24306 6.24306
1606 6.24306 6.24306
1607 6.24306 6.24306
1608 6.24306 6.24306
1609 6.24306 6.24306
1610 6.24306 6.24306
1611 6.24306 6.24306
1612 6.24306 6.24306
1613 6.24306 6.24306
1614 6.24306 6.24306
1615 6.24306 6.24306
1616 6.24306 6.24306
1617 6.24306 6.24306
1618 6.24306 6.24306
1619 6.24306 6.24306
1620 6.24306 6.24306
1621 6.24306 6.24306
1622 6.24306 6.24306
1623 6.24306 6.24306
1624 6.24306 6.24306
1625 6.24306 6.24306
1626 6.24306 6.24306
1627 6.24306 6.24306
1628 6.24306 6.24306
1629 6.24306 6.24306
1630 6.24306 6.24306
1631 6.24306 6.24306
1632 6.24306 6.24306
1633 6.24306 6.24306
1634 6.24306 6.24306
1635 6.24306 6.24306
1636 6.24306 6.24306
1637 6.24306 6.24306
1638 6.24306 6.24306
1639 6.24306 6.24306
1640 6.24306 6.24306
1641 6.24306 6.24306
1642 6.24306 6.24306
1643 6.24306 6.24306
1644 6.24306 6.24306
1645 6.24306 6.24306
1646 6.24306 6.24306
1647 6.24306 6.24306
1648 6.24306 6.24306
1649 6.24306 6.24306
1650 6.24306 6.24306
1651 6.24306 6.24306
1652 6.24306 6.24306
1653 6.24306 6.24306
1654 6.24306 6.24306
1655 6.24306 6.24306
1656 6.24306 6.24306
1657 6.24306 6.24306
1658 6.24306 6.24306
1659 6.24306 6.24306
1660 6.24306 6.24306
1661 6.24306 6.24306
1662 6.24306 6.24306
1663 6.24306 6.24306
1664 6.24306 6.24306
1665 6.24306 6.24306
1666 6.24306 6.24306
1667 6.24306 6.24306
1668 6.24306 6.24306
1669 6.24306 6.24306
1670 6.24306 6.24306
1671 6.24306 6.24306
1672 6.24306 6.24306
1673 6.24306 6.24306
1674 6.24306 6.24306
1675 6.24306 6.24306
1676 6.24306 6.24306
1677 6.24306 6.24306
1678 6.24306 6.24306
1679 6.24306 6.24306
1680 6.24306 6.24306
1681 6.24306 6.24306
1682 6.24306 6.24306
1683 6.24306 6.24306
1684 6.24306 6.24306
1685 6.24306 6.24306
1686 6.24306 6.24306
1687 6.24306 6.24306
1688 6.24306 6.24306
1689 6.24306 6.24306
1690 6.24306 6.24306
1691 6.24306 6.24306
1692 6.24306 6.24306
1693 6.24306 6.24306
1694 6.24306 6.24306
1695 6.24306 6.24306
1696 6.24306 6.24306
1697 6.24306 6.24306
1698 6.24306 6.24306
1699 6.24306 6.24306
1700 6.24306 6.24306
1701 6.24306 6.24306
1702 6.24306 6.24306
1703 6.24306 6.24306
1704 6.24306 6.24306
1705 6.24306 6.24306
1706 6.24306 6.24306
1707 6.24306 6.24306
1708 6.24306 6.24306
1709 6.24306 6.24306
1710 6.24306 6.24306
1711 6.24306 6.24306
1712 6.24306 6.24306
1713 6.24306 6.24306
1714 6.24306 6.24306
1715 6.24306 6.24306
1716 6.24306 6.24306
1717 6.24306 6.24306
1718 6.24306 6.24306
1719 6.24306 6.24306
1720 6.24306 6.24306
1721 6.24306 6.24306
1722 6.24306 6.24306
1723 6.24306 6.24306
1724 6.24306 6.24306
1725 6.24306 6.24306
1726 6.24306 6.24306
1727 6.24306 6.24306
1728 6.24306 6.24306
1729 6.24306 6.24306
1730 6.24306 6.24306
1731 6.24306 6.24306
1732 6.24306 6.24306
1733 6.24306 6.24306
1734 6.24306 6.24306
1735 6.24306 6.24306
1736 6.24306 6.24306
1737 6.24306 6.24306
1738 6.24306 6.24306
1739 6.24306 6.24306
1740 6.24306 6.24306
1741 6.24306 6.24306
1742 6.24306 6.24306
1743 6.24306 6.24306
1744 6.24306 6.24306
1745 6.24306 6.24306
1746 6.24306 6.24306
1747 6.24306 6.24306
1748 6.24306 6.24306
1749 6.24306 6.24306
1750 6.24306 6.24306
1751 6.24306 6.24306
1752 6.24306 6.24306
1753 6.24306 6.24306
1754 6.24306 6.24306
1755 6.24306 6.24306
1756 6.24306 6.24306
1757 6.24306 6.24306
1758 6.24306 6.24306
1759 6.24306 6.24306
1760 6.24306 6.24306
1761 6.24306 6.24306
1762 6.24306 6.24306
1763 6.24306 6.24306
1764 6.24306 6.24306
1765 6.24306 6.24306
1766 6.24306 6.24306
1767 6.24306 6.24306
1768 6.24306 6.24306
1769 6.24306 6.24306
1770 6.24306 6.24306
1771 6.24306 6.24306
1772 6.24306 6.24306
1773 6.24306 6.24306
1774 6.24306 6.24306
1775 6.24306 6.24306
1776 6.24306 6.24306
1777 6.24306 6.24306
1778 6.24306 6.24306
1779 6.24306 6.24306
1780 6.24306 6.24306
1781 6.24306 6.24306
1782 6.24306 6.24306
1783 6.24306 6.24306
1784 6.24306 6.24306
1785 6.24306 6.24306
1786 6.24306 6.24306
1787 6.24306 6.24306
1788 6.24306 6.24306
1789 6.24306 6.24306
1790 6.24306 6.24306
1791 6.24306 6.24306
1792 6.24306 6.24306
1793 6.24306 6.24306
1794 6.24306 6.24306
1795 6.24306 6.24306
1796 6.24306 6.24306
1797 6.24306 6.24306
1798 6.24306 6.24306
1799 6.24306 6.24306
1800 6.24306 6.24306
1801 6.24306 6.24306
1802 6.24306 6.24306
1803 6.24306 6.24306
1804 6.24306 6.24306
1805 6.24306 6.24306
1806 6.24306 6.24306
1807 6.24306 6.24306
1808 6.24306 6.24306
1809 6.24306 6.24306
1810 6.24306 6.24306
1811 6.24306 6.24306
1812 6.24306 6.24306
1813 6.24306 6.24306
1814 6.24306 6.24306
1815 6.24306 6.24306
1816 6.24306 6.24306
1817 6.24306 6.24306
1818 6.24306 6.24306
1819 6.24306 6.24306
1820 6.24306 6.24306
1821 6.24306 6.24306
1822 6.24306 6.24306
1823 6.24306 6.24306
1824 6.24306 6.24306
1825 6.24306 6.24306
1826 6.24306 6.24306
1827 6.24306 6.24306
1828 6.24306 6.24306
1829 6.24306 6.24306
1830 6.24306 6.24306
1831 6.24306 6.24306
1832 6.24306 6.24306
1833 6.24306 6.24306
1834 6.24306 6.24306
1835 6.24306 6.24306
1836 6.24306 6.24306
1837 6.24306 6.24306
1838 6.24306 6.24306
1839 6.24306 6.24306
1840 6.24306 6.24306
1841 6.24306 6.24306
1842 6.24306 6.24306
1843 6.24306 6.24306
1844 6.24306 6.24306
1845 6.24306 6.24306
1846 6.24306 6.24306
1847 6.24306 6.24306
1848 6.24306 6.24306
1849 6.24306 6.24306
1850 6.24306 6.24306
1851 6.24306 6.24306
1852 6.24306 6.24306
1853 6.24306 6.24306
1854 6.24306 6.24306
1855 6.24306 6.24306
1856 6.24306 6.24306
1857 6.24306 6.24306
1858 6.24306 6.24306
1859 6.24306 6.24306
1860 6.24306 6.24306
1861 6.24306 6.24306
1862 6.24306 6.24306
1863 6.24306 6.24306
1864 6.24306 6.24306
1865 6.24306 6.24306
1866 6.24306 6.24306
1867 6.24306 6.24306
1868 6.24306 6.24306
1869 6.24306 6.24306
1870 6.24306 6.24306
1871 6.24306 6.24306
1872 6.24306 6.24306
1873 6.24306 6.24306
1874 6.24306 6.24306
1875 6.24306 6.24306
1876 6.24306 6.24306
1877 6.24306 6.24306
1878 6.24306 6.24306
1879 6.24306 6.24306
1880 6.24306 6.24306
1881 6.24306 6.24306
1882 6.24306 6.24306
1883 6.24306 6.24306
1884 6.24306 6.24306
1885 6.24306 6.24306
1886 6.24306 6.24306
1887 6.24306 6.24306
1888 6.24306 6.24306
1889 6.24306 6.24306
1890 6.24306 6.24306
1891 6.24306 6.24306
1892 6.24306 6.24306
1893 6.24306 6.24306
1894 6.24306 6.24306
1895 6.24306 6.24306
1896 6.24306 6.24306
1897 6.24306 6.24306
1898 6.24306 6.24306
1899 6.24306 6.24306
1900 6.24306 6.24306
1901 6.24306 6.24306
1902 6.24306 6.24306
1903 6.24306 6.24306
1904 6.24306 6.24306
1905 6.24306 6.24306
1906 6.24306 6.24306
1907 6.24306 6.24306
1908 6.24306 6.24306
1909 6.24306 6.24306
1910 6.24306 6.24306
1911 6.24306 6.24306
1912 6.24306 6.24306
1913 6.24306 6.24306
1914 6.24306 6.24306
1915 6.24306 6.24306
1916 6.24306 6.24306
1917 6.24306 6.24306
1918 6.24306 6.24306
1919 6.24306 6.24306
1920 6.24306 6.24306
1921 6.24306 6.24306
1922 6.24306 6.24306
1923 6.24306 6.24306
1924 6.24306 6.24306
1925 6.24306 6.24306
1926 6.24306 6.24306
1927 6.24306 6.24306
1928 6.24306 6.24306
1929 6.24306 6.24306
1930 6.24306 6.24306
1931 6.24306 6.24306
1932 6.24306 6.24306
1933 6.24306 6.24306
1934 6.24306 6.24306
1935 6.24306 6.24306
1936 6.24306 6.24306
1937 6.24306 6.24306
1938 6.24306 6.24306
1939 6.24306 6.24306
1940 6.24306 6.24306
1941 6.24306 6.24306
1942 6.24306 6.24306
1943 6.24306 6.24306
1944 6.24306 6.24306
1945 6.24306 6.24306
1946 6.24306 6.24306
1947 6.24306 6.24306
1948 6.24306 6.24306
1949 6.24306 6.24306
1950 6.24306 6.24306
1951 6.24306 6.24306
1952 6.24306 6.24306
1953 6.24306 6.24306
1954 6.24306 6.24306
1955 6.24306 6.24306
1956 6.24306 6.24306
1957 6.24306 6.24306
1958 6.24306 6.24306
1959 6.24306 6.24306
1960 6.24306 6.24306
1961 6.24306 6.24306
1962 6.24306 6.24306
1963 6.24306 6.24306
1964 6.24306 6.24306
1965 6.24306 6.24306
1966 6.24306 6.24306
1967 6.24306 6.24306
1968 6.24306 6.24306
1969 6.24306 6.24306
1970 6.24306 6.24306
1971 6.24306 6.24306
1972 6.24306 6.24306
1973 6.24306 6.24306
1974 6.24306 6.24306
1975 6.24306 6.24306
1976 6.24306 6.24306
1977 6.24306 6.24306
1978 6.24306 6.24306
1979 6.24306 6.24306
1980 6.24306 6.24306
1981 6.24306 6.24306
1982 6.24306 6.24306
1983 6.24306 6.24306
1984 6.24306 6.24306
1985 6.24306 6.24306
1986 6.24306 6.24306
1987 6.24306 6.24306
1988 6.24306 6.24306
1989 6.24306 6.24306
1990 6.24306 6.24306
1991 6.24306 6.24306
1992 6.24306 6.24306
1993 6.24306 6.24306
1994 6.24306 6.24306
1995 6.24306 6.24306
1996 6.24306 6.24306
1997 6.24306 6.24306
1998 6.24306 6.24306
1999 6.24306 6.24306
2000 6.24306 6.24306
2001 6.24306 6.24306
2002 6.24306 6.24306
2003 6.24306 6.24306
2004 6.24306 6.24306
2005 6.24306 6.24306
2006 6.24306 6.24306
2007 6.24306 6.24306
2008 6.24306 6.24306
2009 6.24306 6.24306
2010 6.24306 6.24306
2011 6.24306 6.24306
2012 6.24306 6.24306
2013 6.24306 6.24306
2014 6.24306 6.24306
2015 6.24306 6.24306
2016 6.24306 6.24306
2017 6.24306 6.24306
2018 6.24306 6.24306
2019 6.24306 6.24306
2020 6.24306 6.24306
2021 6.24306 6.24306
2022 6.24306 6.24306
2023 6.24306 6.24306
2024 6.24306 6.24306
2025 6.24306 6.24306
2026 6.24306 6.24306
2027 6.24306 6.24306
2028 6.24306 6.24306
2029 6.24306 6.24306
2030 6.24306 6.24306
2031 6.24306 6.24306
2032 6.24306 6.24306
2033 6.24306 6.24306
2034 6.24306 6.24306
2035 6.24306 6.24306
2036 6.24306 6.24306
2037 6.24306 6.24306
2038 6.24306 6.24306
2039 6.24306 6.24306
2040 6.24306 6.24306
2041 6.24306 6.24306
2042 6.24306 6.24306
2043 6.24306 6.24306
2044 6.24306 6.24306
2045 6.24306 6.24306
2046 6.24306 6.24306
2047 6.24306 6.24306
2048 6.24306 6.24306
2049 6.24306 6.24306
2050 6.24306 6.24306
2051 6.24306 6.24306
2052 6.24306 6.24306
2053 6.24306 6.24306
2054 6.24306 6.24306
2055 6.24306 6.24306
2056 6.24306 6.24306
2057 6.24306 6.24306
2058 6.24306 6.24306
2059 6.24306 6.24306
2060 6.24306 6.24306
2061 6.24306 6.24306
2062 6.24306 6.24306
2063 6.24306 6.24306
2064 6.24306 6.24306
2065 6.24306 6.24306
2066 6.24306 6.24306
2067 6.24306 6.24306
2068 6.24306 6.24306
2069 6.24306 6.24306
2070 6.24306 6.24306
2071 6.24306 6.24306
2072 6.24306 6.24306
2073 6.24306 6.24306
2074 6.24306 6.24306
2075 6.24306 6.24306
2076 6.24306 6.24306
2077 6.24306 6.24306
2078 6.24306 6.24306
2079 6.24306 6.24306
2080 6.24306 6.24306
2081 6.24306 6.24306
2082 6.24306 6.24306
2083 6.24306 6.24306
2084 6.24306 6.24306
2085 6.24306 6.24306
2086 6.24306 6.24306
2087 6.24306 6.24306
2088 6.24306 6.24306
2089 6.24306 6.24306
2090 6.24306 6.24306
2091 6.24306 6.24306
2092 6.24306 6.24306
2093 6.24306 6.24306
2094 6.24306 6.24306
2095 6.24306 6.24306
2096 6.24306 6.24306
2097 6.24306 6.24306
2098 6.24306 6.24306
2099 6.24306 6.24306
2100 6.24306 6.24306
2101 6.24306 6.24306
2102 6.24306 6.24306
2103 6.24306 6.24306
2104 6.24306 6.24306
2105 6.24306 6.24306
2106 6.24306 6.24306
2107 6.24306 6.24306
2108 6.24306 6.24306
2109 6.24306 6.24306
2110 6.24306 6.24306
2111 6.24306 6.24306
2112 6.24306 6.24306
2113 6.24306 6.24306
2114 6.24306 6.24306
2115 6.24306 6.24306
2116 6.24306 6.24306
2117 6.24306 6.24306
2118 6.24306 6.24306
2119 6.24306 6.24306
2120 6.24306 6.24306
2121 6.24306 6.24306
2122 6.24306 6.24306
2123 6.24306 6.24306
2124 6.24306 6.24306
2125 6.24306 6.24306
2126 6.24306 6.24306
2127 6.24306 6.24306
2128 6.24306 6.24306
2129 6.24306 6.24306
2130 6.24306 6.24306
2131 6.24306 6.24306
2132 6.24306 6.24306
2133 6.24306 6.24306
2134 6.24306 6.24306
2135 6.24306 6.24306
2136 6.24306 6.24306
2137 6.24306 6.24306
2138 6.24306 6.24306
2139 6.24306 6.24306
2140 6.24306 6.24306
2141 6.24306 6.24306
2142 6.24306 6.24306
2143 6.24306 6.24306
2144 6.24306 6.24306
2145 6.24306 6.24306
2146 6.24306 6.24306
2147 6.24306 6.24306
2148 6.24306 6.24306
2149 6.24306 6.24306
2150 6.24306 6.24306
2151 6.24306 6.24306
2152 6.24306 6.24306
2153 6.24306 6.24306
2154 6.24306 6.24306
2155 6.24306 6.24306
2156 6.24306 6.24306
2157 6.24306 6.24306
2158 6.24306 6.24306
2159 6.24306 6.24306
2160 6.24306 6.24306
2161 6.24306 6.24306
2162 6.24306 6.24306
2163 6.24306 6.24306
2164 6.24306 6.24306
2165 6.24306 6.24306
2166 6.24306 6.24306
2167 6.24306 6.24306
2168 6.24306 6.24306
2169 6.24306 6.24306
2170 6.24306 6.24306
2171 6.24306 6.24306
2172 6.24306 6.24306
2173 6.24306 6.24306
2174 6.24306 6.24306
2175 6.24306 6.24306
2176 6.24306 6.24306
2177 6.24306 6.24306
2178 6.24306 6.24306
2179 6.24306 6.24306
2180 6.24306 6.24306
2181 6.24306 6.24306
2182 6.24306 6.24306
2183 6.24306 6.24306
2184 6.24306 6.24306
2185 6.24306 6.24306
2186 6.24306 6.24306
2187 6.24306 6.24306
2188 6.24306 6.24306
2189 6.24306 6.24306
2190 6.24306 6.24306
2191 6.24306 6.24306
2192 6.24306 6.24306
2193 6.24306 6.24306
2194 6.24306 6.24306
2195 6.24306 6.24306
2196 6.24306 6.24306
2197 6.24306 6.24306
2198 6.24306 6.24306
2199 6.24306 6.24306
2200 6.24306 6.24306
2201 6.24306 6.24306
2202 6.24306 6.24306
2203 6.24306 6.24306
2204 6.24306 6.24306
2205 6.24306 6.24306
2206 6.24306 6.24306
2207 6.24306 6.24306
2208 6.24306 6.24306
2209 6.24306 6.24306
2210 6.24306 6.24306
2211 6.24306 6.24306
2212 6.24306 6.24306
2213 6.24306 6.24306
2214 6.24306 6.24306
2215 6.24306 6.24306
2216 6.24306 6.24306
2217 6.24306 6.24306
2218 6.24306 6.24306
2219 6.24306 6.24306
2220 6.24306 6.24306
2221 6.24306 6.24306
2222 6.24306 6.24306
2223 6.24306 6.24306
2224 6.24306 6.24306
2225 6.24306 6.24306
2226 6.24306 6.24306
2227 6.24306 6.24306
2228 6.24306 6.24306
2229 6.24306 6.24306
2230 6.24306 6.24306
2231 6.24306 6.24306
2232 6.24306 6.24306
2233 6.24306 6.24306
2234 6.24306 6.24306
2235 6.24306 6.24306
2236 6.24306 6.24306
2237 6.24306 6.24306
2238 6.24306 6.24306
2239 6.24306 6.24306
2240 6.24306 6.24306
2241 6.24306 6.24306
2242 6.24306 6.24306
2243 6.24306 6.24306
2244 6.24306 6.24306
2245 6.24306 6.24306
2246 6.24306 6.24306
2247 6.24306 6.24306
2248 6.24306 6.24306
2249 6.24306 6.24306
2250 6.24306 6.24306
2251 6.24306 6.24306
2252 6.24306 6.24306
2253 6.24306 6.24306
2254 6.24306 6.24306
2255 6.24306 6.24306
2256 6.24306 6.24306
2257 6.24306 6.24306
2258 6.24306 6.24306
2259 6.24306 6.24306
2260 6.24306 6.24306
2261 6.24306 6.24306
2262 6.24306 6.24306
2263 6.24306 6.24306
2264 6.24306 6.24306
2265 6.24306 6.24306
2266 6.24306 6.24306
2267 6.24306 6.24306
2268 6.24306 6.24306
2269 6.24306 6.24306
2270 6.24306 6.24306
2271 6.24306 6.24306
2272 6.24306 6.24306
2273 6.24306 6.24306
2274 6.24306 6.24306
2275 6.24306 6.24306
2276 6.24306 6.24306
2277 6.24306 6.24306
2278 6.24306 6.24306
2279 6.24306 6.24306
2280 6.24306 6.24306
2281 6.24306 6.24306
2282 6.24306 6.24306
2283 6.24306 6.24306
2284 6.24306 6.24306
2285 6.24306 6.24306
2286 6.24306 6.24306
2287 6.24306 6.24306
2288 6.24306 6.24306
2289 6.24306 6.24306
2290 6.24306 6.24306
2291 6.24306 6.24306
2292 6.24306 6.24306
2293 6.24306 6.24306
2294 6.24306 6.24306
2295 6.24306 6.24306
2296 6.24306 6.24306
2297 6.24306 6.24306
2298 6.24306 6.24306
2299 6.24306 6.24306
2300 6.24306 6.24306
2301 6.24306 6.24306
2302 6.24306 6.24306
2303 6.24306 6.24306
2304 6.24306 6.24306
2305 6.24306 6.24306
2306 6.24306 6.24306
2307 6.24306 6.24306
2308 6.24306 6.24306
2309 6.24306 6.24306
2310 6.24306 6.24306
2311 6.24306 6.24306
2312 6.24306 6.24306
2313 6.24306 6.24306
2314 6.24306 6.24306
2315 6.24306 6.24306
2316 6.24306 6.24306
2317 6.24306 6.24306
2318 6.24306 6.24306
2319 6.24306 6.24306
2320 6.24306 6.24306
2321 6.24306 6.24306
2322 6.24306 6.24306
2323 6.24306 6.24306
2324 6.24306 6.24306
2325 6.24306 6.24306
2326 6.24306 6.24306
2327 6.24306 6.24306
2328 6.24306 6.24306
2329 6.24306 6.24306
2330 6.24306 6.24306
2331 6.24306 6.24306
2332 6.24306 6.24306
2333 6.24306 6.24306
2334 6.24306 6.24306
2335 6.24306 6.24306
2336 6.24306 6.24306
2337 6.24306 6.24306
2338 6.24306 6.24306
2339 6.24306 6.24306
2340 6.24306 6.24306
2341 6.24306 6.24306
2342 6.24306 6.24306
2343 6.24306 6.24306
2344 6.24306 6.24306
2345 6.24306 6.24306
2346 6.24306 6.24306
2347 6.24306 6.24306
2348 6.24306 6.24306
2349 6.24306 6.24306
2350 6.24306 6.24306
2351 6.24306 6.24306
2352 6.24306 6.24306
2353 6.24306 6.24306
2354 6.24306 6.24306
2355 6.24306 6.24306
2356 6.24306 6.24306
2357 6.24306 6.24306
2358 6.24306 6.24306
2359 6.24306 6.24306
2360 6.24306 6.24306
2361 6.24306 6.24306
2362 6.24306 6.24306
2363 6.24306 6.24306
2364 6.24306 6.24306
2365 6.24306 6.24306
2366 6.24306 6.24306
2367 6.24306 6.24306
2368 6.24306 6.24306
2369 6.24306 6.24306
2370 6.24306 6.24306
2371 6.24306 6.24306
2372 6.24306 6.24306
2373 6.24306 6.24306
2374 6.24306 6.24306
2375 6.24306 6.24306
2376 6.24306 6.24306
2377 6.24306 6.24306
2378 6.24306 6.24306
2379 6.24306 6.24306
2380 6.24306 6.24306
2381 6.24306 6.24306
2382 6.24306 6.24306
2383 6.24306 6.24306
2384 6.24306 6.24306
2385 6.24306 6.24306
2386 6.24306 6.24306
2387 6.24306 6.24306
2388 6.24306 6.24306
2389 6.24306 6.24306
2390 6.24306 6.24306
2391 6.24306 6.24306
2392 6.24306 6.24306
2393 6.24306 6.24306
2394 6.24306 6.24306
2395 6.24306 6.24306
2396 6.24306 6.24306
2397 6.24306 6.24306
2398 6.24306 6.24306
2399 6.24306 6.24306
2400 6.24306 6.24306
2401 6.24306 6.24306
2402 6.24306 6.24306
2403 6.24306 6.24306
2404 6.24306 6.24306
2405 6.24306 6.24306
2406 6.24306 6.24306
2407 6.24306 6.24306
2408 6.24306 6.24306
2409 6.24306 6.24306
2410 6.24306 6.24306
2411 6.24306 6.24306
2412 6.24306 6.24306
2413 6.24306 6.24306
2414 6.24306 6.24306
2415 6.24306 6.24306
2416 6.24306 6.24306
2417 6.24306 6.24306
2418 6.24306 6.24306
2419 6.24306 6.24306
2420 6.24306 6.24306
2421 6.24306 6.24306
2422 6.24306 6.24306
2423 6.24306 6.24306
2424 6.24306 6.24306
2425 6.24306 6.24306
2426 6.24306 6.24306
2427 6.24306 6.24306
2428 6.24306 6.24306
2429 6.24306 6.24306
2430 6.24306 6.24306
2431 6.24306 6.24306
2432 6.24306 6.24306
2433 6.24306 6.24306
2434 6.24306 6.24306
2435 6.24306 6.24306
2436 6.24306 6.24306
2437 6.24306 6.24306
2438 6.24306 6.24306
2439 6.24306 6.24306
2440 6.24306 6.24306
2441 6.24306 6.24306
2442 6.24306 6.24306
2443 6.24306 6.24306
2444 6.24306 6.24306
2445 6.24306 6.24306
2446 6.24306 6.24306
2447 6.24306 6.24306
2448 6.24306 6.24306
2449 6.24306 6.24306
2450 6.24306 6.24306
2451 6.24306 6.24306
2452 6.24306 6.24306
2453 6.24306 6.24306
2454 6.24306 6.24306
2455 6.24306 6.24306
2456 6.24306 6.24306
2457 6.24306 6.24306
2458 6.24306 6.24306
2459 6.24306 6.24306
2460 6.24306 6.24306
2461 6.24306 6.24306
2462 6.24306 6.24306
2463 6.24306 6.24306
2464 6.24306 6.24306
2465 6.24306 6.24306
2466 6.24306 6.24306
2467 6.24306 6.24306
2468 6.24306 6.24306
2469 6.24306 6.24306
2470 6.24306 6.24306
2471 6.24306 6.24306
2472 6.24306 6.24306
2473 6.24306 6.24306
2474 6.24306 6.24306
2475 6.24306 6.24306
2476 6.24306 6.24306
2477 6.24306 6.24306
2478 6.24306 6.24306
2479 6.24306 6.24306
2480 6.24306 6.24306
2481 6.24306 6.24306
2482 6.24306 6.24306
2483 6.24306 6.24306
2484 6.24306 6.24306
2485 6.24306 6.24306
2486 6.24306 6.24306
2487 6.24306 6.24306
2488 6.24306 6.24306
2489 6.24306 6.24306
2490 6.24306 6.24306
2491 6.24306 6.24306
2492 6.24306 6.24306
2493 6.24306 6.24306
2494 6.24306 6.24306
2495 6.24306 6.24306
2496 6.24306 6.24306
2497 6.24306 6.24306
2498 6.24306 6.24306
2499 6.24306 6.24306
2500 6.24306 6.24306
2501 6.24306 6.24306
2502 6.24306 6.24306
2503 6.24306 6.24306
2504 6.24306 6.24306
2505 6.24306 6.24306
2506 6.24306 6.24306
2507 6.24306 6.24306
2508 6.24306 6.24306
2509 6.24306 6.24306
2510 6.24306 6.24306
2511 6.24306 6.24306
2512 6.24306 6.24306
2513 6.24306 6.24306
2514 6.24306 6.24306
2515 6.24306 6.24306
2516 6.24306 6.24306
2517 6.24306 6.24306
2518 6.24306 6.24306
2519 6.24306 6.24306
2520 6.24306 6.24306
2521 6.24306 6.24306
2522 6.24306 6.24306
2523 6.24306 6.24306
2524 6.24306 6.24306
2525 6.24306 6.24306
2526 6.24306 6.24306
2527 6.24306 6.24306
2528 6.24306 6.24306
2529 6.24306 6.24306
2530 6.24306 6.24306
2531 6.24306 6.24306
2532 6.24306 6.24306
2533 6.24306 6.24306
2534 6.24306 6.24306
2535 6.24306 6.24306
2536 6.24306 6.24306
2537 6.24306 6.24306
2538 6.24306 6.24306
2539 6.24306 6.24306
2540 6.24306 6.24306
2541 6.24306 6.24306
2542 6.24306 6.24306
2543 6.24306 6.24306
2544 6.24306 6.24306
2545 6.24306 6.24306
2546 6.24306 6.24306
2547 6.24306 6.24306
2548 6.24306 6.24306
2549 6.24306 6.24306
2550 6.24306 6.24306
2551 6.24306 6.24306
2552 6.24306 6.24306
2553 6.24306 6.24306
2554 6.24306 6.24306
2555 6.24306 6.24306
2556 6.24306 6.24306
2557 6.24306 6.24306
2558 6.24306 6.24306
2559 6.24306 6.24306
2560 6.24306 6.24306
2561 6.24306 6.24306
2562 6.24306 6.24306
2563 6.24306 6.24306
2564 6.24306 6.24306
2565 6.24306 6.24306
2566 6.24306 6.24306
2567 6.24306 6.24306
2568 6.24306 6.24306
2569 6.24306 6.24306
2570 6.24306 6.24306
2571 6.24306 6.24306
2572 6.24306 6.24306
2573 6.24306 6.24306
2574 6.24306 6.24306
2575 6.24306 6.24306
2576 6.24306 6.24306
2577 6.24306 6.24306
2578 6.24306 6.24306
2579 6.24306 6.24306
2580 6.24306 6.24306
2581 6.24306 6.24306
2582 6.24306 6.24306
2583 6.24306 6.24306
2584 6.24306 6.24306
2585 6.24306 6.24306
2586 6.24306 6.24306
2587 6.24306 6.24306
2588 6.24306 6.24306
2589 6.24306 6.24306
2590 6.24306 6.24306
2591 6.24306 6.24306
2592 6.24306 6.24306
2593 6.24306 6.24306
2594 6.24306 6.24306
2595 6.24306 6.24306
2596 6.24306 6.24306
2597 6.24306 6.24306
2598 6.24306 6.24306
2599 6.24306 6.24306
2600 6.24306 6.24306
2601 6.24306 6.24306
2602 6.24306 6.24306
2603 6.24306 6.24306
2604 6.24306 6.24306
2605 6.24306 6.24306
2606 6.24306 6.24306
2607 6.24306 6.24306
2608 6.24306 6.24306
2609 6.24306 6.24306
2610 6.24306 6.24306
2611 6.24306 6.24306
2612 6.24306 6.24306
2613 6.24306 6.24306
2614 6.24306 6.24306
2615 6.24306 6.24306
2616 6.24306 6.24306
2617 6.24306 6.24306
2618 6.24306 6.24306
2619 6.24306 6.24306
2620 6.24306 6.24306
2621 6.24306 6.24306
2622 6.24306 6.24306
2623 6.24306 6.24306
2624 6.24306 6.24306
2625 6.24306 6.24306
2626 6.24306 6.24306
2627 6.24306 6.24306
2628 6.24306 6.24306
2629 6.24306 6.24306
2630 6.24306 6.24306
2631 6.24306 6.24306
2632 6.24306 6.24306
2633 6.24306 6.24306
2634 6.24306 6.24306
2635 6.24306 6.24306
2636 6.24306 6.24306
2637 6.24306 6.24306
2638 6.24306 6.24306
2639 6.24306 6.24306
2640 6.24306 6.24306
2641 6.24306 6.24306
2642 6.24306 6.24306
2643 6.24306 6.24306
2644 6.24306 6.24306
2645 6.24306 6.24306
2646 6.24306 6.24306
2647 6.24306 6.24306
2648 6.24306 6.24306
2649 6.24306 6.24306
2650 6.24306 6.24306
2651 6.24306 6.24306
2652 6.24306 6.24306
2653 6.24306 6.24306
2654 6.24306 6.24306
2655 6.24306 6.24306
2656 6.24306 6.24306
2657 6.24306 6.24306
2658 6.24306 6.24306
2659 6.24306 6.24306
2660 6.24306 6.24306
2661 6.24306 6.24306
2662 6.24306 6.24306
2663 6.24306 6.24306
2664 6.24306 6.24306
2665 6.24306 6.24306
2666 6.24306 6.24306
2667 6.24306 6.24306
2668 6.24306 6.24306
2669 6.24306 6.24306
2670 6.24306 6.24306
2671 6.24306 6.24306
2672 6.24306 6.24306
2673 6.24306 6.24306
2674 6.24306 6.24306
2675 6.24306 6.24306
2676 6.24306 6.24306
2677 6.24306 6.24306
2678 6.24306 6.24306
2679 6.24306 6.24306
2680 6.24306 6.24306
2681 6.24306 6.24306
2682 6.24306 6.24306
2683 6.24306 6.24306
2684 6.24306 6.24306
2685 6.24306 6.24306
2686 6.24306 6.24306
2687 6.24306 6.24306
2688 6.24306 6.24306
2689 6.24306 6.24306
2690 6.24306 6.24306
2691 6.24306 6.24306
2692 6.24306 6.24306
2693 6.24306 6.24306
2694 6.24306 6.24306
2695 6.24306 6.24306
2696 6.24306 6.24306
2697 6.24306 6.24306
2698 6.24306 6.24306
2699 6.24306 6.24306
2700 6.24306 6.24306
2701 6.24306 6.24306
2702 6.24306 6.24306
2703 6.24306 6.24306
2704 6.24306 6.24306
2705 6.24306 6.24306
2706 6.24306 6.24306
2707 6.24306 6.24306
2708 6.24306 6.24306
2709 6.24306 6.24306
2710 6.24306 6.24306
2711 6.24306 6.24306
2712 6.24306 6.24306
2713 6.24306 6.24306
2714 6.24306 6.24306
2715 6.24306 6.24306
2716 6.24306 6.24306
2717 6.24306 6.24306
2718 6.24306 6.24306
2719 6.24306 6.24306
2720 6.24306 6.24306
2721 6.24306 6.24306
2722 6.24306 6.24306
2723 6.24306 6.24306
2724 6.24306 6.24306
2725 6.24306 6.24306
2726 6.24306 6.24306
2727 6.24306 6.24306
2728 6.24306 6.24306
2729 6.24306 6.24306
2730 6.24306 6.24306
2731 6.24306 6.24306
2732 6.24306 6.24306
2733 6.24306 6.24306
2734 6.24306 6.24306
2735 6.24306 6.24306
2736 6.24306 6.24306
2737 6.24306 6.24306
2738 6.24306 6.24306
2739 6.24306 6.24306
2740 6.24306 6.24306
2741 6.24306 6.24306
2742 6.24306 6.24306
2743 6.24306 6.24306
2744 6.24306 6.24306
2745 6.24306 6.24306
2746 6.24306 6.24306
2747 6.24306 6.24306
2748 6.24306 6.24306
2749 6.24306 6.24306
2750 6.24306 6.24306
2751 6.24306 6.24306
2752 6.24306 6.24306
2753 6.24306 6.24306
2754 6.24306 6.24306
2755 6.24306 6.24306
2756 6.24306 6.24306
2757 6.24306 6.24306
2758 6.24306 6.24306
2759 6.24306 6.24306
2760 6.24306 6.24306
2761 6.24306 6.24306
2762 6.24306 6.24306
2763 6.24306 6.24306
2764 6.24306 6.24306
2765 6.24306 6.24306
2766 6.24306 6.24306
2767 6.24306 6.24306
2768 6.24306 6.24306
2769 6.24306 6.24306
2770 6.24306 6.24306
2771 6.24306 6.24306
2772 6.24306 6.24306
2773 6.24306 6.24306
2774 6.24306 6.24306
2775 6.24306 6.24306
2776 6.24306 6.24306
2777 6.24306 6.24306
2778 6.24306 6.24306
2779 6.24306 6.24306
2780 6.24306 6.24306
2781 6.24306 6.24306
2782 6.24306 6.24306
2783 6.24306 6.24306
2784 6.24306 6.24306
2785 6.24306 6.24306
2786 6.24306 6.24306
2787 6.24306 6.24306
2788 6.24306 6.24306
2789 6.24306 6.24306
2790 6.24306 6.24306
2791 6.24306 6.24306
2792 6.24306 6.24306
2793 6.24306 6.24306
2794 6.24306 6.24306
2795 6.24306 6.24306
2796 6.24306 6.24306
2797 6.24306 6.24306
2798 6.24306 6.24306
2799 6.24306 6.24306
2800 6.24306 6.24306
2801 6.24306 6.24306
2802 6.24306 6.24306
2803 6.24306 6.24306
2804 6.24306 6.24306
2805 6.24306 6.24306
2806 6.24306 6.24306
2807 6.24306 6.24306
2808 6.24306 6.24306
2809 6.24306 6.24306
2810 6.24306 6.24306
2811 6.24306 6.24306
2812 6.24306 6.24306
2813 6.24306 6.24306
2814 6.24306 6.24306
2815 6.24306 6.24306
2816 6.24306 6.24306
2817 6.24306 6.24306
2818 6.24306 6.24306
2819 6.24306 6.24306
2820 6.24306 6.24306
2821 6.24306 6.24306
2822 6.24306 6.24306
2823 6.24306 6.24306
2824 6.24306 6.24306
2825 6.24306 6.24306
2826 6.24306 6.24306
2827 6.24306 6.24306
2828 6.24306 6.24306
2829 6.24306 6.24306
2830 6.24306 6.24306
2831 6.24306 6.24306
2832 6.24306 6.24306
2833 6.24306 6.24306
2834 6.24306 6.24306
2835 6.24306 6.24306
2836 6.24306 6.24306
2837 6.24306 6.24306
2838 6.24306 6.24306
2839 6.24306 6.24306
2840 6.24306 6.24306
2841 6.24306 6.24306
2842 6.24306 6.24306
2843 6.24306 6.24306
2844 6.24306 6.24306
2845 6.24306 6.24306
2846 6.24306 6.24306
2847 6.24306 6.24306
2848 6.24306 6.24306
2849 6.24306 6.24306
2850 6.24306 6.24306
2851 6.24306 6.24306
2852 6.24306 6.24306
2853 6.24306 6.24306
2854 6.24306 6.24306
2855 6.24306 6.24306
2856 6.24306 6.24306
2857 6.24306 6.24306
2858 6.24306 6.24306
2859 6.24306 6.24306
2860 6.24306 6.24306
2861 6.24306 6.24306
2862 6.24306 6.24306
2863 6.24306 6.24306
2864 6.24306 6.24306
2865 6.24306 6.24306
2866 6.24306 6.24306
2867 6.24306 6.24306
2868 6.24306 6.24306
2869 6.24306 6.24306
2870 6.24306 6.24306
2871 6.24306 6.24306
2872 6.24306 6.24306
2873 6.24306 6.24306
2874 6.24306 6.24306
2875 6.24306 6.24306
2876 6.24306 6.24306
2877 6.24306 6.24306
2878 6.24306 6.24306
2879 6.24306 6.24306
2880 6.24306 6.24306
2881 6.24306 6.24306
2882 6.24306 6.24306
2883 6.24306 6.24306
2884 6.24306 6.24306
2885 6.24306 6.24306
2886 6.24306 6.24306
2887 6.24306 6.24306
2888 6.24306 6.24306
2889 6.24306 6.24306
2890 6.24306 6.24306
2891 6.24306 6.24306
2892 6.24306 6.24306
2893 6.24306 6.24306
2894 6.24306 6.24306
2895 6.24306 6.24306
2896 6.24306 6.24306
2897 6.24306 6.24306
2898 6.24306 6.24306
2899 6.24306 6.24306
2900 6.24306 6.24306
2901 6.24306 6.24306
2902 6.24306 6.24306
2903 6.24306 6.24306
2904 6.24306 6.24306
2905 6.24306 6.24306
2906 6.24306 6.24306
2907 6.24306 6.24306
2908 6.24306 6.24306
2909 6.24306 6.24306
2910 6.24306 6.24306
2911 6.24306 6.24306
2912 6.24306 6.24306
2913 6.24306 6.24306
2914 6.24306 6.24306
2915 6.24306 6.24306
2916 6.24306 6.24306
2917 6.24306 6.24306
2918 6.24306 6.24306
2919 6.24306 6.24306
2920 6.24306 6.24306
2921 6.24306 6.24306
2922 6.24306 6.24306
2923 6.24306 6.24306
2924 6.24306 6.24306
2925 6.24306 6.24306
2926 6.24306 6.24306
2927 6.24306 6.24306
2928 6.24306 6.24306
2929 6.24306 6.24306
2930 6.24306 6.24306
2931 6.24306 6.24306
2932 6.24306 6.24306
2933 6.24306 6.24306
2934 6.24306 6.24306
2935 6.24306 6.24306
2936 6.24306 6.24306
2937 6.24306 6.24306
2938 6.24306 6.24306
2939 6.24306 6.24306
2940 6.24306 6.24306
2941 6.24306 6.24306
2942 6.24306 6.24306
2943 6.24306 6.24306
2944 6.24306 6.24306
2945 6.24306 6.24306
2946 6.24306 6.24306
2947 6.24306 6.24306
2948 6.24306 6.24306
2949 6.24306 6.24306
2950 6.24306 6.24306
2951 6.24306 6.24306
2952 6.24306 6.24306
2953 6.24306 6.24306
2954 6.24306 6.24306
2955 6.24306 6.24306
2956 6.24306 6.24306
2957 6.24306 6.24306
2958 6.24306 6.24306
2959 6.24306 6.24306
2960 6.24306 6.24306
2961 6.24306 6.24306
2962 6.24306 6.24306
2963 6.24306 6.24306
2964 6.24306 6.24306
2965 6.24306 6.24306
2966 6.24306 6.24306
2967 6.24306 6.24306
2968 6.24306 6.24306
2969 6.24306 6.24306
2970 6.24306 6.24306
2971 6.24306 6.24306
2972 6.24306 6.24306
2973 6.24306 6.24306
2974 6.24306 6.24306
2975 6.24306 6.24306
2976 6.24306 6.24306
2977 6.24306 6.24306
2978 6.24306 6.24306
2979 6.24306 6.24306
2980 6.24306 6.24306
2981 6.24306 6.24306
2982 6.24306 6.24306
2983 6.24306 6.24306
2984 6.24306 6.24306
2985 6.24306 6.24306
2986 6.24306 6.24306
2987 6.24306 6.24306
2988 6.24306 6.24306
2989 6.24306 6.24306
2990 6.24306 6.24306
2991 6.24306 6.24306
2992 6.24306 6.24306
2993 6.24306 6.24306
2994 6.24306 6.24306
2995 6.24306 6.24306
2996 6.24306 6.24306
2997 6.24306 6.24306
2998 6.24306 6.24306
2999 6.24306 6.24306
3000 6.24306 6.24306
3001 6.24306 6.24306
3002 6.24306 6.24306
3003 6.24306 6.24306
3004 6.24306 6.24306
3005 6.24306 6.24306
3006 6.24306 6.24306
3007 6.24306 6.24306
3008 6.24306 6.24306
3009 6.24306 6.24306
3010 6.24306 6.24306
3011 6.24306 6.24306
3012 6.24306 6.24306
3013 6.24306 6.24306
3014 6.24306 6.24306
3015 6.24306 6.24306
3016 6.24306 6.24306
3017 6.24306 6.24306
3018 6.24306 6.24306
3019 6.24306 6.24306
3020 6.24306 6.24306
3021 6.24306 6.24306
3022 6.24306 6.24306
3023 6.24306 6.24306
3024 6.24306 6.24306
3025 6.24306 6.24306
3026 6.24306 6.24306
3027 6.24306 6.24306
3028 6.24306 6.24306
3029 6.24306 6.24306
3030 6.24306 6.24306
3031 6.24306 6.24306
3032 6.24306 6.24306
3033 6.24306 6.24306
3034 6.24306 6.24306
3035 6.24306 6.24306
3036 6.24306 6.24306
3037 6.24306 6.24306
3038 6.24306 6.24306
3039 6.24306 6.24306
3040 6.24306 6.24306
3041 6.24306 6.24306
3042 6.24306 6.24306
3043 6.24306 6.24306
3044 6.24306 6.24306
3045 6.24306 6.24306
3046 6.24306 6.24306
3047 6.24306 6.24306
3048 6.24306 6.24306
3049 6.24306 6.24306
3050 6.24306 6.24306
3051 6.24306 6.24306
3052 6.24306 6.24306
3053 6.24306 6.24306
3054 6.24306 6.24306
3055 6.24306 6.24306
3056 6.24306 6.24306
3057 6.24306 6.24306
3058 6.24306 6.24306
3059 6.24306 6.24306
3060 6.24306 6.24306
3061 6.24306 6.24306
3062 6.24306 6.24306
3063 6.24306 6.24306
3064 6.24306 6.24306
3065 6.24306 6.24306
3066 6.24306 6.24306
3067 6.24306 6.24306
3068 6.24306 6.24306
3069 6.24306 6.24306
3070 6.24306 6.24306
3071 6.24306 6.24306
3072 6.24306 6.24306
3073 6.24306 6.24306
3074 6.24306 6.24306
3075 6.24306 6.24306
3076 6.24306 6.24306
3077 6.24306 6.24306
3078 6.24306 6.24306
3079 6.24306 6.24306
3080 6.24306 6.24306
3081 6.24306 6.24306
3082 6.24306 6.24306
3083 6.24306 6.24306
3084 6.24306 6.24306
3085 6.24306 6.24306
3086 6.24306 6.24306
3087 6.24306 6.24306
3088 6.24306 6.24306
3089 6.24306 6.24306
3090 6.24306 6.24306
3091 6.24306 6.24306
3092 6.24306 6.24306
3093 6.24306 6.24306
3094 6.24306 6.24306
3095 6.24306 6.24306
3096 6.24306 6.24306
3097 6.24306 6.24306
3098 6.24306 6.24306
3099 6.24306 6.24306
3100 6.24306 6.24306
3101 6.24306 6.24306
3102 6.24306 6.24306
3103 6.24306 6.24306
3104 6.24306 6.24306
3105 6.24306 6.24306
3106 6.24306 6.24306
3107 6.24306 6.24306
3108 6.24306 6.24306
3109 6.24306 6.24306
3110 6.24306 6.24306
3111 6.24306 6.24306
3112 6.24306 6.24306
3113 6.24306 6.24306
3114 6.24306 6.24306
3115 6.24306 6.24306
3116 6.24306 6.24306
3117 6.24306 6.24306
3118 6.24306 6.24306
3119 6.24306 6.24306
3120 6.24306 6.24306
3121 6.24306 6.24306
3122 6.24306 6.24306
3123 6.24306 6.24306
3124 6.24306 6.24306
3125 6.24306 6.24306
3126 6.24306 6.24306
3127 6.24306 6.24306
3128 6.24306 6.24306
3129 6.24306 6.24306
3130 6.24306 6.24306
3131 6.24306 6.24306
3132 6.24306 6.24306
3133 6.24306 6.24306
3134 6.24306 6.24306
3135 6.24306 6.24306
3136 6.24306 6.24306
3137 6.24306 6.24306
3138 6.24306 6.24306
3139 6.24306 6.24306
3140 6.24306 6.24306
3141 6.24306 6.24306
3142 6.24306 6.24306
3143 6.24306 6.24306
3144 6.24306 6.24306
3145 6.24306 6.24306
3146 6.24306 6.24306
3147 6.24306 6.24306
3148 6.24306 6.24306
3149 6.24306 6.24306
3150 6.24306 6.24306
3151 6.24306 6.24306
3152 6.24306 6.24306
3153 6.24306 6.24306
3154 6.24306 6.24306
3155 6.24306 6.24306
3156 6.24306 6.24306
3157 6.24306 6.24306
3158 6.24306 6.24306
3159 6.24306 6.24306
3160 6.24306 6.24306
3161 6.24306 6.24306
3162 6.24306 6.24306
3163 6.24306 6.24306
3164 6.24306 6.24306
3165 6.24306 6.24306
3166 6.24306 6.24306
3167 6.24306 6.24306
3168 6.24306 6.24306
3169 6.24306 6.24306
3170 6.24306 6.24306
3171 6.24306 6.24306
3172 6.24306 6.24306
3173 6.24306 6.24306
3174 6.24306 6.24306
3175 6.24306 6.24306
3176 6.24306 6.24306
3177 6.24306 6.24306
3178 6.24306 6.24306
3179 6.24306 6.24306
3180 6.24306 6.24306
3181 6.24306 6.24306
3182 6.24306 6.24306
3183 6.24306 6.24306
3184 6.24306 6.24306
3185 6.24306 6.24306
3186 6.24306 6.24306
3187 6.24306 6.24306
3188 6.24306 6.24306
3189 6.24306 6.24306
3190 6.24306 6.24306
3191 6.24306 6.24306
3192 6.24306 6.24306
3193 6.24306 6.24306
3194 6.24306 6.24306
3195 6.24306 6.24306
3196 6.24306 6.24306
3197 6.24306 6.24306
3198 6.24306 6.24306
3199 6.24306 6.24306
3200 6.24306 6.24306
3201 6.24306 6.24306
3202 6.24306 6.24306
3203 6.24306 6.24306
3204 6.24306 6.24306
3205 6.24306 6.24306
3206 6.24306 6.24306
3207 6.24306 6.24306
3208 6.24306 6.24306
3209 6.24306 6.24306
3210 6.24306 6.24306
3211 6.24306 6.24306
3212 6.24306 6.24306
3213 6.24306 6.24306
3214 6.24306 6.24306
3215 6.24306 6.24306
3216 6.24306 6.24306
3217 6.24306 6.24306
3218 6.24306 6.24306
3219 6.24306 6.24306
3220 6.24306 6.24306
3221 6.24306 6.24306
3222 6.24306 6.24306
3223 6.24306 6.24306
3224 6.24306 6.24306
3225 6.24306 6.24306
3226 6.24306 6.24306
3227 6.24306 6.24306
3228 6.24306 6.24306
3229 6.24306 6.24306
3230 6.24306 6.24306
3231 6.24306 6.24306
3232 6.24306 6.24306
3233 6.24306 6.24306
3234 6.24306 6.24306
3235 6.24306 6.24306
3236 6.24306 6.24306
3237 6.24306 6.24306
3238 6.24306 6.24306
3239 6.24306 6.24306
3240 6.24306 6.24306
3241 6.24306 6.24306
3242 6.24306 6.24306
3243 6.24306 6.24306
3244 6.24306 6.24306
3245 6.24306 6.24306
3246 6.24306 6.24306
3247 6.24306 6.24306
3248 6.24306 6.24306
3249 6.24306 6.24306
3250 6.24306 6.24306
3251 6.24306 6.24306
3252 6.24306 6.24306
3253 6.24306 6.24306
3254 6.24306 6.24306
3255 6.24306 6.24306
3256 6.24306 6.24306
3257 6.24306 6.24306
3258 6.24306 6.24306
3259 6.24306 6.24306
3260 6.24306 6.24306
3261 6.24306 6.24306
3262 6.24306 6.24306
3263 6.24306 6.24306
3264 6.24306 6.24306
3265 6.24306 6.24306
3266 6.24306 6.24306
3267 6.24306 6.24306
3268 6.24306 6.24306
3269 6.24306 6.24306
3270 6.24306 6.24306
3271 6.24306 6.24306
3272 6.24306 6.24306
3273 6.24306 6.24306
3274 6.24306 6.24306
3275 6.24306 6.24306
3276 6.24306 6.24306
3277 6.24306 6.24306
3278 6.24306 6.24306
3279 6.24306 6.24306
3280 6.24306 6.24306
3281 6.24306 6.24306
3282 6.24306 6.24306
3283 6.24306 6.24306
3284 6.24306 6.24306
3285 6.24306 6.24306
3286 6.24306 6.24306
3287 6.24306 6.24306
3288 6.24306 6.24306
3289 6.24306 6.24306
3290 6.24306 6.24306
3291 6.24306 6.24306
3292 6.24306 6.24306
3293 6.24306 6.24306
3294 6.24306 6.24306
3295 6.24306 6.24306
3296 6.24306 6.24306
3297 6.24306 6.24306
3298 6.24306 6.24306
3299 6.24306 6.24306
3300 6.24306 6.24306
3301 6.24306 6.24306
3302 6.24306 6.24306
3303 6.24306 6.24306
3304 6.24306 6.24306
3305 6.24306 6.24306
3306 6.24306 6.24306
3307 6.24306 6.24306
3308 6.24306 6.24306
3309 6.24306 6.24306
3310 6.24306 6.24306
3311 6.24306 6.24306
3312 6.24306 6.24306
3313 6.24306 6.24306
3314 6.24306 6.24306
3315 6.24306 6.24306
3316 6.24306 6.24306
3317 6.24306 6.24306
3318 6.24306 6.24306
3319 6.24306 6.24306
3320 6.24306 6.24306
3321 6.24306 6.24306
3322 6.24306 6.24306
3323 6.24306 6.24306
3324 6.24306 6.24306
3325 6.24306 6.24306
3326 6.24306 6.24306
3327 6.24306 6.24306
3328 6.24306 6.24306
3329 6.24306 6.24306
3330 6.24306 6.24306
3331 6.24306 6.24306
3332 6.24306 6.24306
3333 6.24306 6.24306
3334 6.24306 6.24306
3335 6.24306 6.24306
3336 6.24306 6.24306
3337 6.24306 6.24306
3338 6.24306 6.24306
3339 6.24306 6.24306
3340 6.24306 6.24306
3341 6.24306 6.24306
3342 6.24306 6.24306
3343 6.24306 6.24306
3344 6.24306 6.24306
3345 6.24306 6.24306
3346 6.24306 6.24306
3347 6.24306 6.24306
3348 6.24306 6.24306
3349 6.24306 6.24306
3350 6.24306 6.24306
3351 6.24306 6.24306
3352 6.24306 6.24306
3353 6.24306 6.24306
3354 6.24306 6.24306
3355 6.24306 6.24306
3356 6.24306 6.24306
3357 6.24306 6.24306
3358 6.24306 6.24306
3359 6.24306 6.24306
3360 6.24306 6.24306
3361 6.24306 6.24306
3362 6.24306 6.24306
3363 6.24306 6.24306
3364 6.24306 6.24306
3365 6.24306 6.24306
3366 6.24306 6.24306
3367 6.24306 6.24306
3368 6.24306 6.24306
3369 6.24306 6.24306
3370 6.24306 6.24306
3371 6.24306 6.24306
3372 6.24306 6.24306
3373 6.24306 6.24306
3374 6.24306 6.24306
3375 6.24306 6.24306
3376 6.24306 6.24306
3377 6.24306 6.24306
3378 6.24306 6.24306
3379 6.24306 6.24306
3380 6.24306 6.24306
3381 6.24306 6.24306
3382 6.24306 6.24306
3383 6.24306 6.24306
3384 6.24306 6.24306
3385 6.24306 6.24306
3386 6.24306 6.24306
3387 6.24306 6.24306
3388 6.24306 6.24306
3389 6.24306 6.24306
3390 6.24306 6.24306
3391 6.24306 6.24306
3392 6.24306 6.24306
3393 6.24306 6.24306
3394 6.24306 6.24306
3395 6.24306 6.24306
3396 6.24306 6.24306
3397 6.24306 6.24306
3398 6.24306 6.24306
3399 6.24306 6.24306
3400 6.24306 6.24306
3401 6.24306 6.24306
3402 6.24306 6.24306
3403 6.24306 6.24306
3404 6.24306 6.24306
3405 6.24306 6.24306
3406 6.24306 6.24306
3407 6.24306 6.24306
3408 6.24306 6.24306
3409 6.24306 6.24306
3410 6.24306 6.24306
3411 6.24306 6.24306
3412 6.24306 6.24306
3413 6.24306 6.24306
3414 6.24306 6.24306
3415 6.24306 6.24306
3416 6.24306 6.24306
3417 6.24306 6.24306
3418 6.24306 6.24306
3419 6.24306 6.24306
3420 6.24306 6.24306
3421 6.24306 6.24306
3422 6.24306 6.24306
3423 6.24306 6.24306
3424 6.24306 6.24306
3425 6.24306 6.24306
3426 6.24306 6.24306
3427 6.24306 6.24306
3428 6.24306 6.24306
3429 6.24306 6.24306
3430 6.24306 6.24306
3431 6.24306 6.24306
3432 6.24306 6.24306
3433 6.24306 6.24306
3434 6.24306 6.24306
3435 6.24306 6.24306
3436 6.24306 6.24306
3437 6.24306 6.24306
3438 6.24306 6.24306
3439 6.24306 6.24306
3440 6.24306 6.24306
3441 6.24306 6.24306
3442 6.24306 6.24306
3443 6.24306 6.24306
3444 6.24306 6.24306
3445 6.24306 6.24306
3446 6.24306 6.24306
3447 6.24306 6.24306
3448 6.24306 6.24306
3449 6.24306 6.24306
3450 6.24306 6.24306
3451 6.24306 6.24306
3452 6.24306 6.24306
3453 6.24306 6.24306
3454 6.24306 6.24306
3455 6.24306 6.24306
3456 6.24306 6.24306
3457 6.24306 6.24306
3458 6.24306 6.24306
3459 6.24306 6.24306
3460 6.24306 6.24306
3461 6.24306 6.24306
3462 6.24306 6.24306
3463 6.24306 6.24306
3464 6.24306 6.24306
3465 6.24306 6.24306
3466 6.24306 6.24306
3467 6.24306 6.24306
3468 6.24306 6.24306
3469 6.24306 6.24306
3470 6.24306 6.24306
3471 6.24306 6.24306
3472 6.24306 6.24306
3473 6.24306 6.24306
3474 6.24306 6.24306
3475 6.24306 6.24306
3476 6.24306 6.24306
3477 6.24306 6.24306
3478 6.24306 6.24306
3479 6.24306 6.24306
3480 6.24306 6.24306
3481 6.24306 6.24306
3482 6.24306 6.24306
3483 6.24306 6.24306
3484 6.24306 6.24306
3485 6.24306 6.24306
3486 6.24306 6.24306
3487 6.24306 6.24306
3488 6.24306 6.24306
3489 6.24306 6.24306
3490 6.24306 6.24306
3491 6.24306 6.24306
3492 6.24306 6.24306
3493 6.24306 6.24306
3494 6.24306 6.24306
3495 6.24306 6.24306
3496 6.24306 6.24306
3497 6.24306 6.24306
3498 6.24306 6.24306
3499 6.24306 6.24306
3500 6.24306 6.24306
3501 6.24306 6.24306
3502 6.24306 6.24306
3503 6.24306 6.24306
3504 6.24306 6.24306
3505 6.24306 6.24306
3506 6.24306 6.24306
3507 6.24306 6.24306
3508 6.24306 6.24306
3509 6.24306 6.24306
3510 6.24306 6.24306
3511 6.24306 6.24306
3512 6.24306 6.24306
3513 6.24306 6.24306
3514 6.24306 6.24306
3515 6.24306 6.24306
3516 6.24306 6.24306
3517 6.24306 6.24306
3518 6.24306 6.24306
3519 6.24306 6.24306
3520 6.24306 6.24306
3521 6.24306 6.24306
3522 6.24306 6.24306
3523 6.24306 6.24306
3524 6.24306 6.24306
3525 6.24306 6.24306
3526 6.24306 6.24306
3527 6.24306 6.24306
3528 6.24306 6.24306
3529 6.24306 6.24306
3530 6.24306 6.24306
3531 6.24306 6.24306
3532 6.24306 6.24306
3533 6.24306 6.24306
3534 6.24306 6.24306
3535 6.24306 6.24306
3536 6.24306 6.24306
3537 6.24306 6.24306
3538 6.24306 6.24306
3539 6.24306 6.24306
3540 6.24306 6.24306
3541 6.24306 6.24306
3542 6.24306 6.24306
3543 6.24306 6.24306
3544 6.24306 6.24306
3545 6.24306 6.24306
3546 6.24306 6.24306
3547 6.24306 6.24306
3548 6.24306 6.24306
3549 6.24306 6.24306
3550 6.24306 6.24306
3551 6.24306 6.24306
3552 6.24306 6.24306
3553 6.24306 6.24306
3554 6.24306 6.24306
3555 6.24306 6.24306
3556 6.24306 6.24306
3557 6.24306 6.24306
3558 6.24306 6.24306
3559 6.24306 6.24306
3560 6.24306 6.24306
3561 6.24306 6.24306
3562 6.24306 6.24306
3563 6.24306 6.24306
3564 6.24306 6.24306
3565 6.24306 6.24306
3566 6.24306 6.24306
3567 6.24306 6.24306
3568 6.24306 6.24306
3569 6.24306 6.24306
3570 6.24306 6.24306
3571 6.24306 6.24306
3572 6.24306 6.24306
3573 6.24306 6.24306
3574 6.24306 6.24306
3575 6.24306 6.24306
3576 6.24306 6.24306
3577 6.24306 6.24306
3578 6.24306 6.24306
3579 6.24306 6.24306
3580 6.24306 6.24306
3581 6.24306 6.24306
3582 6.24306 6.24306
3583 6.24306 6.24306
3584 6.24306 6.24306
3585 6.24306 6.24306
3586 6.24306 6.24306
3587 6.24306 6.24306
3588 6.24306 6.24306
3589 6.24306 6.24306
3590 6.24306 6.24306
3591 6.24306 6.24306
3592 6.24306 6.24306
3593 6.24306 6.24306
3594 6.24306 6.24306
3595 6.24306 6.24306
3596 6.24306 6.24306
3597 6.24306 6.24306
3598 6.24306 6.24306
3599 6.24306 6.24306
3600 6.24306 6.24306
3601 6.24306 6.24306
3602 6.24306 6.24306
3603 6.24306 6.24306
3604 6.24306 6.24306
3605 6.24306 6.24306
3606 6.24306 6.24306
3607 6.24306 6.24306
3608 6.24306 6.24306
3609 6.24306 6.24306
3610 6.24306 6.24306
3611 6.24306 6.24306
3612 6.24306 6.24306
3613 6.24306 6.24306
3614 6.24306 6.24306
3615 6.24306 6.24306
3616 6.24306 6.24306
3617 6.24306 6.24306
3618 6.24306 6.24306
3619 6.24306 6.24306
3620 6.24306 6.24306
3621 6.24306 6.24306
3622 6.24306 6.24306
3623 6.24306 6.24306
3624 6.24306 6.24306
3625 6.24306 6.24306
3626 6.24306 6.24306
3627 6.24306 6.24306
3628 6.24306 6.24306
3629 6.24306 6.24306
3630 6.24306 6.24306
3631 6.24306 6.24306
3632 6.24306 6.24306
3633 6.24306 6.24306
3634 6.24306 6.24306
3635 6.24306 6.24306
3636 6.24306 6.24306
3637 6.24306 6.24306
3638 6.24306 6.24306
3639 6.24306 6.24306
3640 6.24306 6.24306
3641 6.24306 6.24306
3642 6.24306 6.24306
3643 6.24306 6.24306
3644 6.24306 6.24306
3645 6.24306 6.24306
3646 6.24306 6.24306
3647 6.24306 6.24306
3648 6.24306 6.24306
3649 6.24306 6.24306
3650 6.24306 6.24306
3651 6.24306 6.24306
3652 6.24306 6.24306
3653 6.24306 6.24306
3654 6.24306 6.24306
3655 6.24306 6.24306
3656 6.24306 6.24306
3657 6.24306 6.24306
3658 6.24306 6.24306
3659 6.24306 6.24306
3660 6.24306 6.24306
3661 6.24306 6.24306
3662 6.24306 6.24306
3663 6.24306 6.24306
3664 6.24306 6.24306
3665 6.24306 6.24306
3666 6.24306 6.24306
3667 6.24306 6.24306
3668 6.24306 6.24306
3669 6.24306 6.24306
3670 6.24306 6.24306
3671 6.24306 6.24306
3672 6.24306 6.24306
3673 6.24306 6.24306
3674 6.24306 6.24306
3675 6.24306 6.24306
3676 6.24306 6.24306
3677 6.24306 6.24306
3678 6.24306 6.24306
3679 6.24306 6.24306
3680 6.24306 6.24306
3681 6.24306 6.24306
3682 6.24306 6.24306
3683 6.24306 6.24306
3684 6.24306 6.24306
3685 6.24306 6.24306
3686 6.24306 6.24306
3687 6.24306 6.24306
3688 6.24306 6.24306
3689 6.24306 6.24306
3690 6.24306 6.24306
3691 6.24306 6.24306
3692 6.24306 6.24306
3693 6.24306 6.24306
3694 6.24306 6.24306
3695 6.24306 6.24306
3696 6.24306 6.24306
3697 6.24306 6.24306
3698 6.24306 6.24306
3699 6.24306 6.24306
3700 6.24306 6.24306
3701 6.24306 6.24306
3702 6.24306 6.24306
3703 6.24306 6.24306
3704 6.24306 6.24306
3705 6.24306 6.24306
3706 6.24306 6.24306
3707 6.24306 6.24306
3708 6.24306 6.24306
3709 6.24306 6.24306
3710 6.24306 6.24306
3711 6.24306 6.24306
3712 6.24306 6.24306
3713 6.24306 6.24306
3714 6.24306 6.24306
3715 6.24306 6.24306
3716 6.24306 6.24306
3717 6.24306 6.24306
3718 6.24306 6.24306
3719 6.24306 6.24306
3720 6.24306 6.24306
3721 6.24306 6.24306
3722 6.24306 6.24306
3723 6.24306 6.24306
3724 6.24306 6.24306
3725 6.24306 6.24306
3726 6.24306 6.24306
3727 6.24306 6.24306
3728 6.24306 6.24306
3729 6.24306 6.24306
3730 6.24306 6.24306
3731 6.24306 6.24306
3732 6.24306 6.24306
3733 6.24306 6.24306
3734 6.24306 6.24306
3735 6.24306 6.24306
3736 6.24306 6.24306
3737 6.24306 6.24306
3738 6.24306 6.24306
3739 6.24306 6.24306
3740 6.24306 6.24306
3741 6.24306 6.24306
3742 6.24306 6.24306
3743 6.24306 6.24306
3744 6.24306 6.24306
3745 6.24306 6.24306
3746 6.24306 6.24306
3747 6.24306 6.24306
3748 6.24306 6.24306
3749 6.24306 6.24306
3750 6.24306 6.24306
3751 6.24306 6.24306
3752 6.24306 6.24306
3753 6.24306 6.24306
3754 6.24306 6.24306
3755 6.24306 6.24306
3756 6.24306 6.24306
3757 6.24306 6.24306
3758 6.24306 6.24306
3759 6.24306 6.24306
3760 6.24306 6.24306
3761 6.24306 6.24306
3762 6.24306 6.24306
3763 6.24306 6.24306
3764 6.24306 6.24306
3765 6.24306 6.24306
3766 6.24306 6.24306
3767 6.24306 6.24306
3768 6.24306 6.24306
3769 6.24306 6.24306
3770 6.24306 6.24306
3771 6.24306 6.24306
3772 6.24306 6.24306
3773 6.24306 6.24306
3774 6.24306 6.24306
3775 6.24306 6.24306
3776 6.24306 6.24306
3777 6.24306 6.24306
3778 6.24306 6.24306
3779 6.24306 6.24306
3780 6.24306 6.24306
3781 6.24306 6.24306
3782 6.24306 6.24306
3783 6.24306 6.24306
3784 6.24306 6.24306
3785 6.24306 6.24306
3786 6.24306 6.24306
3787 6.24306 6.24306
3788 6.24306 6.24306
3789 6.24306 6.24306
3790 6.24306 6.24306
3791 6.24306 6.24306
3792 6.24306 6.24306
3793 6.24306 6.24306
3794 6.24306 6.24306
3795 6.24306 6.24306
3796 6.24306 6.24306
3797 6.24306 6.24306
3798 6.24306 6.24306
3799 6.24306 6.24306
3800 6.24306 6.24306
3801 6.24306 6.24306
3802 6.24306 6.24306
3803 6.24306 6.24306
3804 6.24306 6.24306
3805 6.24306 6.24306
3806 6.24306 6.24306
3807 6.24306 6.24306
3808 6.24306 6.24306
3809 6.24306 6.24306
3810 6.24306 6.24306
3811 6.24306 6.24306
3812 6.24306 6.24306
3813 6.24306 6.24306
3814 6.24306 6.24306
3815 6.24306 6.24306
3816 6.24306 6.24306
3817 6.24306 6.24306
3818 6.24306 6.24306
3819 6.24306 6.24306
3820 6.24306 6.24306
3821 6.24306 6.24306
3822 6.24306 6.24306
3823 6.24306 6.24306
3824 6.24306 6.24306
3825 6.24306 6.24306
3826 6.24306 6.24306
3827 6.24306 6.24306
3828 6.24306 6.24306
3829 6.24306 6.24306
3830 6.24306 6.24306
3831 6.24306 6.24306
3832 6.24306 6.24306
3833 6.24306 6.24306
3834 6.24306 6.24306
3835 6.24306 6.24306
3836 6.24306 6.24306
3837 6.24306 6.24306
3838 6.24306 6.24306
3839 6.24306 6.24306
3840 6.24306 6.24306
3841 6.24306 6.24306
3842 6.24306 6.24306
3843 6.24306 6.24306
3844 6.24306 6.24306
3845 6.24306 6.24306
3846 6.24306 6.24306
3847 6.24306 6.24306
3848 6.24306 6.24306
3849 6.24306 6.24306
3850 6.24306 6.24306
3851 6.24306 6.24306
3852 6.24306 6.24306
3853 6.24306 6.24306
3854 6.24306 6.24306
3855 6.24306 6.24306
3856 6.24306 6.24306
3857 6.24306 6.24306
3858 6.24306 6.24306
3859 6.24306 6.24306
3860 6.24306 6.24306
3861 6.24306 6.24306
3862 6.24306 6.24306
3863 6.24306 6.24306
3864 6.24306 6.24306
3865 6.24306 6.24306
3866 6.24306 6.24306
3867 6.24306 6.24306
3868 6.24306 6.24306
3869 6.24306 6.24306
3870 6.24306 6.24306
3871 6.24306 6.24306
3872 6.24306 6.24306
3873 6.24306 6.24306
3874 6.24306 6.24306
3875 6.24306 6.24306
3876 6.24306 6.24306
3877 6.24306 6.24306
3878 6.24306 6.24306
3879 6.24306 6.24306
3880 6.24306 6.24306
3881 6.24306 6.24306
3882 6.24306 6.24306
3883 6.24306 6.24306
3884 6.24306 6.24306
3885 6.24306 6.24306
3886 6.24306 6.24306
3887 6.24306 6.24306
3888 6.24306 6.24306
3889 6.24306 6.24306
3890 6.24306 6.24306
3891 6.24306 6.24306
3892 6.24306 6.24306
3893 6.24306 6.24306
3894 6.24306 6.24306
3895 6.24306 6.24306
3896 6.24306 6.24306
3897 6.24306 6.24306
3898 6.24306 6.24306
3899 6.24306 6.24306
3900 6.24306 6.24306
3901 6.24306 6.24306
3902 6.24306 6.24306
3903 6.24306 6.24306
3904 6.24306 6.24306
3905 6.24306 6.24306
3906 6.24306 6.24306
3907 6.24306 6.24306
3908 6.24306 6.24306
3909 6.24306 6.24306
3910 6.24306 6.24306
3911 6.24306 6.24306
3912 6.24306 6.24306
3913 6.24306 6.24306
3914 6.24306 6.24306
3915 6.24306 6.24306
3916 6.24306 6.24306
3917 6.24306 6.24306
3918 6.24306 6.24306
3919 6.24306 6.24306
3920 6.24306 6.24306
3921 6.24306 6.24306
3922 6.24306 6.24306
3923 6.24306 6.24306
3924 6.24306 6.24306
3925 6.24306 6.24306
3926 6.24306 6.24306
3927 6.24306 6.24306
3928 6.24306 6.24306
3929 6.24306 6.24306
3930 6.24306 6.24306
3931 6.24306 6.24306
3932 6.24306 6.24306
3933 6.24306 6.24306
3934 6.24306 6.24306
3935 6.24306 6.24306
3936 6.24306 6.24306
3937 6.24306 6.24306
3938 6.24306 6.24306
3939 6.24306 6.24306
3940 6.24306 6.24306
3941 6.24306 6.24306
3942 6.24306 6.24306
3943 6.24306 6.24306
3944 6.24306 6.24306
3945 6.24306 6.24306
3946 6.24306 6.24306
3947 6.24306 6.24306
3948 6.24306 6.24306
3949 6.24306 6.24306
3950 6.24306 6.24306
3951 6.24306 6.24306
3952 6.24306 6.24306
3953 6.24306 6.24306
3954 6.24306 6.24306
3955 6.24306 6.24306
3956 6.24306 6.24306
3957 6.24306 6.24306
3958 6.24306 6.24306
3959 6.24306 6.24306
3960 6.24306 6.24306
3961 6.24306 6.24306
3962 6.24306 6.24306
3963 6.24306 6.24306
3964 6.24306 6.24306
3965 6.24306 6.24306
3966 6.24306 6.24306
3967 6.24306 6.24306
3968 6.24306 6.24306
3969 6.24306 6.24306
3970 6.24306 6.24306
3971 6.24306 6.24306
3972 6.24306 6.24306
3973 6.24306 6.24306
3974 6.24306 6.24306
3975 6.24306 6.24306
3976 6.24306 6.24306
3977 6.24306 6.24306
3978 6.24306 6.24306
3979 6.24306 6.24306
3980 6.24306 6.24306
3981 6.24306 6.24306
3982 6.24306 6.24306
3983 6.24306 6.24306
3984 6.24306 6.24306
3985 6.24306 6.24306
3986 6.24306 6.24306
3987 6.24306 6.24306
3988 6.24306 6.24306
3989 6.24306 6.24306
3990 6.24306 6.24306
3991 6.24306 6.24306
3992 6.24306 6.24306
3993 6.24306 6.24306
3994 6.24306 6.24306
3995 6.24306 6.24306
3996 6.24306 6.24306
3997 6.24306 6.24306
3998 6.24306 6.24306
3999 6.24306 6.24306
4000 6.24306 6.24306
4001 6.24306 6.24306
4002 6.24306 6.24306
4003 6.24306 6.24306
4004 6.24306 6.24306
4005 6.24306 6.24306
4006 6.24306 6.24306
4007 6.24306 6.24306
4008 6.24306 6.24306
4009 6.24306 6.24306
4010 6.24306 6.24306
4011 6.24306 6.24306
4012 6.24306 6.24306
4013 6.24306 6.24306
4014 6.24306 6.24306
4015 6.24306 6.24306
4016 6.24306 6.24306
4017 6.24306 6.24306
4018 6.24306 6.24306
4019 6.24306 6.24306
4020 6.24306 6.24306
4021 6.24306 6.24306
4022 6.24306 6.24306
4023 6.24306 6.24306
4024 6.24306 6.24306
4025 6.24306 6.24306
4026 6.24306 6.24306
4027 6.24306 6.24306
4028 6.24306 6.24306
4029 6.24306 6.24306
4030 6.24306 6.24306
4031 6.24306 6.24306
4032 6.24306 6.24306
4033 6.24306 6.24306
4034 6.24306 6.24306
4035 6.24306 6.24306
4036 6.24306 6.24306
4037 6.24306 6.24306
4038 6.24306 6.24306
4039 6.24306 6.24306
4040 6.24306 6.24306
4041 6.24306 6.24306
4042 6.24306 6.24306
4043 6.24306 6.24306
4044 6.24306 6.24306
4045 6.24306 6.24306
4046 6.24306 6.24306
4047 6.24306 6.24306
4048 6.24306 6.24306
4049 6.24306 6.24306
4050 6.24306 6.24306
4051 6.24306 6.24306
4052 6.24306 6.24306
4053 6.24306 6.24306
4054 6.24306 6.24306
4055 6.24306 6.24306
4056 6.24306 6.24306
4057 6.24306 6.24306
4058 6.24306 6.24306
4059 6.24306 6.24306
4060 6.24306 6.24306
4061 6.24306 6.24306
4062 6.24306 6.24306
4063 6.24306 6.24306
4064 6.24306 6.24306
4065 6.24306 6.24306
4066 6.24306 6.24306
4067 6.24306 6.24306
4068 6.24306 6.24306
4069 6.24306 6.24306
4070 6.24306 6.24306
4071 6.24306 6.24306
4072 6.24306 6.24306
4073 6.24306 6.24306
4074 6.24306 6.24306
4075 6.24306 6.24306
4076 6.24306 6.24306
4077 6.24306 6.24306
4078 6.24306 6.24306
4079 6.24306 6.24306
4080 6.24306 6.24306
4081 6.24306 6.24306
4082 6.24306 6.24306
4083 6.24306 6.24306
4084 6.24306 6.24306
4085 6.24306 6.24306
4086 6.24306 6.24306
4087 6.24306 6.24306
4088 6.24306 6.24306
4089 6.24306 6.24306
4090 6.24306 6.24306
4091 6.24306 6.24306
4092 6.24306 6.24306
4093 6.24306 6.24306
4094 6.24306 6.24306
4095 6.24306 6.24306
4096 6.24306 6.24306
4097 6.24306 6.24306
4098 6.24306 6.24306
4099 6.24306 6.24306
4100 6.24306 6.24306
4101 6.24306 6.24306
4102 6.24306 6.24306
4103 6.24306 6.24306
4104 6.24306 6.24306
4105 6.24306 6.24306
4106 6.24306 6.24306
4107 6.24306 6.24306
4108 6.24306 6.24306
4109 6.24306 6.24306
4110 6.24306 6.24306
4111 6.24306 6.24306
4112 6.24306 6.24306
4113 6.24306 6.24306
4114 6.24306 6.24306
4115 6.24306 6.24306
4116 6.24306 6.24306
4117 6.24306 6.24306
4118 6.24306 6.24306
4119 6.24306 6.24306
4120 6.24306 6.24306
4121 6.24306 6.24306
4122 6.24306 6.24306
4123 6.24306 6.24306
4124 6.24306 6.24306
4125 6.24306 6.24306
4126 6.24306 6.24306
4127 6.24306 6.24306
4128 6.24306 6.24306
4129 6.24306 6.24306
4130 6.24306 6.24306
4131 6.24306 6.24306
4132 6.24306 6.24306
4133 6.24306 6.24306
4134 6.24306 6.24306
4135 6.24306 6.24306
4136 6.24306 6.24306
4137 6.24306 6.24306
4138 6.24306 6.24306
4139 6.24306 6.24306
4140 6.24306 6.24306
4141 6.24306 6.24306
4142 6.24306 6.24306
4143 6.24306 6.24306
4144 6.24306 6.24306
4145 6.24306 6.24306
4146 6.24306 6.24306
4147 6.24306 6.24306
4148 6.24306 6.24306
4149 6.24306 6.24306
4150 6.24306 6.24306
4151 6.24306 6.24306
4152 6.24306 6.24306
4153 6.24306 6.24306
4154 6.24306 6.24306
4155 6.24306 6.24306
4156 6.24306 6.24306
4157 6.24306 6.24306
4158 6.24306 6.24306
4159 6.24306 6.24306
4160 6.24306 6.24306
4161 6.24306 6.24306
4162 6.24306 6.24306
4163 6.24306 6.24306
4164 6.24306 6.24306
4165 6.24306 6.24306
4166 6.24306 6.24306
4167 6.24306 6.24306
4168 6.24306 6.24306
4169 6.24306 6.24306
4170 6.24306 6.24306
4171 6.24306 6.24306
4172 6.24306 6.24306
4173 6.24306 6.24306
4174 6.24306 6.24306
4175 6.24306 6.24306
4176 6.24306 6.24306
4177 6.24306 6.24306
4178 6.24306 6.24306
4179 6.24306 6.24306
4180 6.24306 6.24306
4181 6.24306 6.24306
4182 6.24306 6.24306
4183 6.24306 6.24306
4184 6.24306 6.24306
4185 6.24306 6.24306
4186 6.24306 6.24306
4187 6.24306 6.24306
4188 6.24306 6.24306
4189 6.24306 6.24306
4190 6.24306 6.24306
4191 6.24306 6.24306
4192 6.24306 6.24306
4193 6.24306 6.24306
4194 6.24306 6.24306
4195 6.24306 6.24306
4196 6.24306 6.24306
4197 6.24306 6.24306
4198 6.24306 6.24306
4199 6.24306 6.24306
4200 6.24306 6.24306
4201 6.24306 6.24306
4202 6.24306 6.24306
4203 6.24306 6.24306
4204 6.24306 6.24306
4205 6.24306 6.24306
4206 6.24306 6.24306
4207 6.24306 6.24306
4208 6.24306 6.24306
4209 6.24306 6.24306
4210 6.24306 6.24306
4211 6.24306 6.24306
4212 6.24306 6.24306
4213 6.24306 6.24306
4214 6.24306 6.24306
4215 6.24306 6.24306
4216 6.24306 6.24306
4217 6.24306 6.24306
4218 6.24306 6.24306
4219 6.24306 6.24306
4220 6.24306 6.24306
4221 6.24306 6.24306
4222 6.24306 6.24306
4223 6.24306 6.24306
4224 6.24306 6.24306
4225 6.24306 6.24306
4226 6.24306 6.24306
4227 6.24306 6.24306
4228 6.24306 6.24306
4229 6.24306 6.24306
4230 6.24306 6.24306
4231 6.24306 6.24306
4232 6.24306 6.24306
4233 6.24306 6.24306
4234 6.24306 6.24306
4235 6.24306 6.24306
4236 6.24306 6.24306
4237 6.24306 6.24306
4238 6.24306 6.24306
4239 6.24306 6.24306
4240 6.24306 6.24306
4241 6.24306 6.24306
4242 6.24306 6.24306
4243 6.24306 6.24306
4244 6.24306 6.24306
4245 6.24306 6.24306
4246 6.24306 6.24306
4247 6.24306 6.24306
4248 6.24306 6.24306
4249 6.24306 6.24306
4250 6.24306 6.24306
4251 6.24306 6.24306
4252 6.24306 6.24306
4253 6.24306 6.24306
4254 6.24306 6.24306
4255 6.24306 6.24306
4256 6.24306 6.24306
4257 6.24306 6.24306
4258 6.24306 6.24306
4259 6.24306 6.24306
4260 6.24306 6.24306
4261 6.24306 6.24306
4262 6.24306 6.24306
4263 6.24306 6.24306
4264 6.24306 6.24306
4265 6.24306 6.24306
4266 6.24306 6.24306
4267 6.24306 6.24306
4268 6.24306 6.24306
4269 6.24306 6.24306
4270 6.24306 6.24306
4271 6.24306 6.24306
4272 6.24306 6.24306
4273 6.24306 6.24306
4274 6.24306 6.24306
4275 6.24306 6.24306
4276 6.24306 6.24306
4277 6.24306 6.24306
4278 6.24306 6.24306
4279 6.24306 6.24306
4280 6.24306 6.24306
4281 6.24306 6.24306
4282 6.24306 6.24306
4283 6.24306 6.24306
4284 6.24306 6.24306
4285 6.24306 6.24306
4286 6.24306 6.24306
4287 6.24306 6.24306
4288 6.24306 6.24306
4289 6.24306 6.24306
4290 6.24306 6.24306
4291 6.24306 6.24306
4292 6.24306 6.24306
4293 6.24306 6.24306
4294 6.24306 6.24306
4295 6.24306 6.24306
4296 6.24306 6.24306
4297 6.24306 6.24306
4298 6.24306 6.24306
4299 6.24306 6.24306
4300 6.24306 6.24306
4301 6.24306 6.24306
4302 6.24306 6.24306
4303 6.24306 6.24306
4304 6.24306 6.24306
4305 6.24306 6.24306
4306 6.24306 6.24306
4307 6.24306 6.24306
4308 6.24306 6.24306
4309 6.24306 6.24306
4310 6.24306 6.24306
4311 6.24306 6.24306
4312 6.24306 6.24306
4313 6.24306 6.24306
4314 6.24306 6.24306
4315 6.24306 6.24306
4316 6.24306 6.24306
4317 6.24306 6.24306
4318 6.24306 6.24306
4319 6.24306 6.24306
4320 6.24306 6.24306
4321 6.24306 6.24306
4322 6.24306 6.24306
4323 6.24306 6.24306
4324 6.24306 6.24306
4325 6.24306 6.24306
4326 6.24306 6.24306
4327 6.24306 6.24306
4328 6.24306 6.24306
4329 6.24306 6.24306
4330 6.24306 6.24306
4331 6.24306 6.24306
4332 6.24306 6.24306
4333 6.24306 6.24306
4334 6.24306 6.24306
4335 6.24306 6.24306
4336 6.24306 6.24306
4337 6.24306 6.24306
4338 6.24306 6.24306
4339 6.24306 6.24306
4340 6.24306 6.24306
4341 6.24306 6.24306
4342 6.24306 6.24306
4343 6.24306 6.24306
4344 6.24306 6.24306
4345 6.24306 6.24306
4346 6.24306 6.24306
4347 6.24306 6.24306
4348 6.24306 6.24306
4349 6.24306 6.24306
4350 6.24306 6.24306
4351 6.24306 6.24306
4352 6.24306 6.24306
4353 6.24306 6.24306
4354 6.24306 6.24306
4355 6.24306 6.24306
4356 6.24306 6.24306
4357 6.24306 6.24306
4358 6.24306 6.24306
4359 6.24306 6.24306
4360 6.24306 6.24306
4361 6.24306 6.24306
4362 6.24306 6.24306
4363 6.24306 6.24306
4364 6.24306 6.24306
4365 6.24306 6.24306
4366 6.24306 6.24306
4367 6.24306 6.24306
4368 6.24306 6.24306
4369 6.24306 6.24306
4370 6.24306 6.24306
4371 6.24306 6.24306
4372 6.24306 6.24306
4373 6.24306 6.24306
4374 6.24306 6.24306
4375 6.24306 6.24306
4376 6.24306 6.24306
4377 6.24306 6.24306
4378 6.24306 6.24306
4379 6.24306 6.24306
4380 6.24306 6.24306
4381 6.24306 6.24306
4382 6.24306 6.24306
4383 6.24306 6.24306
4384 6.24306 6.24306
4385 6.24306 6.24306
4386 6.24306 6.24306
4387 6.24306 6.24306
4388 6.24306 6.24306
4389 6.24306 6.24306
4390 6.24306 6.24306
4391 6.24306 6.24306
4392 6.24306 6.24306
4393 6.24306 6.24306
4394 6.24306 6.24306
4395 6.24306 6.24306
4396 6.24306 6.24306
4397 6.24306 6.24306
4398 6.24306 6.24306
4399 6.24306 6.24306
4400 6.24306 6.24306
4401 6.24306 6.24306
4402 6.24306 6.24306
4403 6.24306 6.24306
4404 6.24306 6.24306
4405 6.24306 6.24306
4406 6.24306 6.24306
4407 6.24306 6.24306
4408 6.24306 6.24306
4409 6.24306 6.24306
4410 6.24306 6.24306
4411 6.24306 6.24306
4412 6.24306 6.24306
4413 6.24306 6.24306
4414 6.24306 6.24306
4415 6.24306 6.24306
4416 6.24306 6.24306
4417 6.24306 6.24306
4418 6.24306 6.24306
4419 6.24306 6.24306
4420 6.24306 6.24306
4421 6.24306 6.24306
4422 6.24306 6.24306
4423 6.24306 6.24306
4424 6.24306 6.24306
4425 6.24306 6.24306
4426 6.24306 6.24306
4427 6.24306 6.24306
4428 6.24306 6.24306
4429 6.24306 6.24306
4430 6.24306 6.24306
4431 6.24306 6.24306
4432 6.24306 6.24306
4433 6.24306 6.24306
4434 6.24306 6.24306
4435 6.24306 6.24306
4436 6.24306 6.24306
4437 6.24306 6.24306
4438 6.24306 6.24306
4439 6.24306 6.24306
4440 6.24306 6.24306
4441 6.24306 6.24306
4442 6.24306 6.24306
4443 6.24306 6.24306
4444 6.24306 6.24306
4445 6.24306 6.24306
4446 6.24306 6.24306
4447 6.24306 6.24306
4448 6.24306 6.24306
4449 6.24306 6.24306
4450 6.24306 6.24306
4451 6.24306 6.24306
4452 6.24306 6.24306
4453 6.24306 6.24306
4454 6.24306 6.24306
4455 6.24306 6.24306
4456 6.24306 6.24306
4457 6.24306 6.24306
4458 6.24306 6.24306
4459 6.24306 6.24306
4460 6.24306 6.24306
4461 6.24306 6.24306
4462 6.24306 6.24306
4463 6.24306 6.24306
4464 6.24306 6.24306
4465 6.24306 6.24306
4466 6.24306 6.24306
4467 6.24306 6.24306
4468 6.24306 6.24306
4469 6.24306 6.24306
4470 6.24306 6.24306
4471 6.24306 6.24306
4472 6.24306 6.24306
4473 6.24306 6.24306
4474 6.24306 6.24306
4475 6.24306 6.24306
4476 6.24306 6.24306
4477 6.24306 6.24306
4478 6.24306 6.24306
4479 6.24306 6.24306
4480 6.24306 6.24306
4481 6.24306 6.24306
4482 6.24306 6.24306
4483 6.24306 6.24306
4484 6.24306 6.24306
4485 6.24306 6.24306
4486 6.24306 6.24306
4487 6.24306 6.24306
4488 6.24306 6.24306
4489 6.24306 6.24306
4490 6.24306 6.24306
4491 6.24306 6.24306
4492 6.24306 6.24306
4493 6.24306 6.24306
4494 6.24306 6.24306
4495 6.24306 6.24306
4496 6.24306 6.24306
4497 6.24306 6.24306
4498 6.24306 6.24306
4499 6.24306 6.24306
4500 6.24306 6.24306
4501 6.24306 6.24306
4502 6.24306 6.24306
4503 6.24306 6.24306
4504 6.24306 6.24306
4505 6.24306 6.24306
4506 6.24306 6.24306
4507 6.24306 6.24306
4508 6.24306 6.24306
4509 6.24306 6.24306
4510 6.24306 6.24306
4511 6.24306 6.24306
4512 6.24306 6.24306
4513 6.24306 6.24306
4514 6.24306 6.24306
4515 6.24306 6.24306
4516 6.24306 6.24306
4517 6.24306 6.24306
4518 6.24306 6.24306
4519 6.24306 6.24306
4520 6.24306 6.24306
4521 6.24306 6.24306
4522 6.24306 6.24306
4523 6.24306 6.24306
4524 6.24306 6.24306
4525 6.24306 6.24306
4526 6.24306 6.24306
4527 6.24306 6.24306
4528 6.24306 6.24306
4529 6.24306 6.24306
4530 6.24306 6.24306
4531 6.24306 6.24306
4532 6.24306 6.24306
4533 6.24306 6.24306
4534 6.24306 6.24306
4535 6.24306 6.24306
4536 6.24306 6.24306
4537 6.24306 6.24306
4538 6.24306 6.24306
4539 6.24306 6.24306
4540 6.24306 6.24306
4541 6.24306 6.24306
4542 6.24306 6.24306
4543 6.24306 6.24306
4544 6.24306 6.24306
4545 6.24306 6.24306
4546 6.24306 6.24306
4547 6.24306 6.24306
4548 6.24306 6.24306
4549 6.24306 6.24306
4550 6.24306 6.24306
4551 6.24306 6.24306
4552 6.24306 6.24306
4553 6.24306 6.24306
4554 6.24306 6.24306
4555 6.24306 6.24306
4556 6.24306 6.24306
4557 6.24306 6.24306
4558 6.24306 6.24306
4559 6.24306 6.24306
4560 6.24306 6.24306
4561 6.24306 6.24306
4562 6.24306 6.24306
4563 6.24306 6.24306
4564 6.24306 6.24306
4565 6.24306 6.24306
4566 6.24306 6.24306
4567 6.24306 6.24306
4568 6.24306 6.24306
4569 6.24306 6.24306
4570 6.24306 6.24306
4571 6.24306 6.24306
4572 6.24306 6.24306
4573 6.24306 6.24306
4574 6.24306 6.24306
4575 6.24306 6.24306
4576 6.24306 6.24306
4577 6.24306 6.24306
4578 6.24306 6.24306
4579 6.24306 6.24306
4580 6.24306 6.24306
4581 6.24306 6.24306
4582 6.24306 6.24306
4583 6.24306 6.24306
4584 6.24306 6.24306
4585 6.24306 6.24306
4586 6.24306 6.24306
4587 6.24306 6.24306
4588 6.24306 6.24306
4589 6.24306 6.24306
4590 6.24306 6.24306
4591 6.24306 6.24306
4592 6.24306 6.24306
4593 6.24306 6.24306
4594 6.24306 6.24306
4595 6.24306 6.24306
4596 6.24306 6.24306
4597 6.24306 6.24306
4598 6.24306 6.24306
4599 6.24306 6.24306
4600 6.24306 6.24306
4601 6.24306 6.24306
4602 6.24306 6.24306
4603 6.24306 6.24306
4604 6.24306 6.24306
4605 6.24306 6.24306
4606 6.24306 6.24306
4607 6.24306 6.24306
4608 6.24306 6.24306
4609 6.24306 6.24306
4610 6.24306 6.24306
4611 6.24306 6.24306
4612 6.24306 6.24306
4613 6.24306 6.24306
4614 6.24306 6.24306
4615 6.24306 6.24306
4616 6.24306 6.24306
4617 6.24306 6.24306
4618 6.24306 6.24306
4619 6.24306 6.24306
4620 6.24306 6.24306
4621 6.24306 6.24306
4622 6.24306 6.24306
4623 6.24306 6.24306
4624 6.24306 6.24306
4625 6.24306 6.24306
4626 6.24306 6.24306
4627 6.24306 6.24306
4628 6.24306 6.24306
4629 6.24306 6.24306
4630 6.24306 6.24306
4631 6.24306 6.24306
4632 6.24306 6.24306
4633 6.24306 6.24306
4634 6.24306 6.24306
4635 6.24306 6.24306
4636 6.24306 6.24306
4637 6.24306 6.24306
4638 6.24306 6.24306
4639 6.24306 6.24306
4640 6.24306 6.24306
4641 6.24306 6.24306
4642 6.24306 6.24306
4643 6.24306 6.24306
4644 6.24306 6.24306
4645 6.24306 6.24306
4646 6.24306 6.24306
4647 6.24306 6.24306
4648 6.24306 6.24306
4649 6.24306 6.24306
4650 6.24306 6.24306
4651 6.24306 6.24306
4652 6.24306 6.24306
4653 6.24306 6.24306
4654 6.24306 6.24306
4655 6.24306 6.24306
4656 6.24306 6.24306
4657 6.24306 6.24306
4658 6.24306 6.24306
4659 6.24306 6.24306
4660 6.24306 6.24306
4661 6.24306 6.24306
4662 6.24306 6.24306
4663 6.24306 6.24306
4664 6.24306 6.24306
4665 6.24306 6.24306
4666 6.24306 6.24306
4667 6.24306 6.24306
4668 6.24306 6.24306
4669 6.24306 6.24306
4670 6.24306 6.24306
4671 6.24306 6.24306
4672 6.24306 6.24306
4673 6.24306 6.24306
4674 6.24306 6.24306
4675 6.24306 6.24306
4676 6.24306 6.24306
4677 6.24306 6.24306
4678 6.24306 6.24306
4679 6.24306 6.24306
4680 6.24306 6.24306
4681 6.24306 6.24306
4682 6.24306 6.24306
4683 6.24306 6.24306
4684 6.24306 6.24306
4685 6.24306 6.24306
4686 6.24306 6.24306
4687 6.24306 6.24306
4688 6.24306 6.24306
4689 6.24306 6.24306
4690 6.24306 6.24306
4691 6.24306 6.24306
4692 6.24306 6.24306
4693 6.24306 6.24306
4694 6.24306 6.24306
4695 6.24306 6.24306
4696 6.24306 6.24306
4697 6.24306 6.24306
4698 6.24306 6.24306
4699 6.24306 6.24306
4700 6.24306 6.24306
4701 6.24306 6.24306
4702 6.24306 6.24306
4703 6.24306 6.24306
4704 6.24306 6.24306
4705 6.24306 6.24306
4706 6.24306 6.24306
4707 6.24306 6.24306
4708 6.24306 6.24306
4709 6.24306 6.24306
4710 6.24306 6.24306
4711 6.24306 6.24306
4712 6.24306 6.24306
4713 6.24306 6.24306
4714 6.24306 6.24306
4715 6.24306 6.24306
4716 6.24306 6.24306
4717 6.24306 6.24306
4718 6.24306 6.24306
4719 6.24306 6.24306
4720 6.24306 6.24306
4721 6.24306 6.24306
4722 6.24306 6.24306
4723 6.24306 6.24306
4724 6.24306 6.24306
4725 6.24306 6.24306
4726 6.24306 6.24306
4727 6.24306 6.24306
4728 6.24306 6.24306
4729 6.24306 6.24306
4730 6.24306 6.24306
4731 6.24306 6.24306
4732 6.24306 6.24306
4733 6.24306 6.24306
4734 6.24306 6.24306
4735 6.24306 6.24306
4736 6.24306 6.24306
4737 6.24306 6.24306
4738 6.24306 6.24306
4739 6.24306 6.24306
4740 6.24306 6.24306
4741 6.24306 6.24306
4742 6.24306 6.24306
4743 6.24306 6.24306
4744 6.24306 6.24306
4745 6.24306 6.24306
4746 6.24306 6.24306
4747 6.24306 6.24306
4748 6.24306 6.24306
4749 6.24306 6.24306
4750 6.24306 6.24306
4751 6.24306 6.24306
4752 6.24306 6.24306
4753 6.24306 6.24306
4754 6.24306 6.24306
4755 6.24306 6.24306
4756 6.24306 6.24306
4757 6.24306 6.24306
4758 6.24306 6.24306
4759 6.24306 6.24306
4760 6.24306 6.24306
4761 6.24306 6.24306
4762 6.24306 6.24306
4763 6.24306 6.24306
4764 6.24306 6.24306
4765 6.24306 6.24306
4766 6.24306 6.24306
4767 6.24306 6.24306
4768 6.24306 6.24306
4769 6.24306 6.24306
4770 6.24306 6.24306
4771 6.24306 6.24306
4772 6.24306 6.24306
4773 6.24306 6.24306
4774 6.24306 6.24306
4775 6.24306 6.24306
4776 6.24306 6.24306
4777 6.24306 6.24306
4778 6.24306 6.24306
4779 6.24306 6.24306
4780 6.24306 6.24306
4781 6.24306 6.24306
4782 6.24306 6.24306
4783 6.24306 6.24306
4784 6.24306 6.24306
4785 6.24306 6.24306
4786 6.24306 6.24306
4787 6.24306 6.24306
4788 6.24306 6.24306
4789 6.24306 6.24306
4790 6.24306 6.24306
4791 6.24306 6.24306
4792 6.24306 6.24306
4793 6.24306 6.24306
4794 6.24306 6.24306
4795 6.24306 6.24306
4796 6.24306 6.24306
4797 6.24306 6.24306
4798 6.24306 6.24306
4799 6.24306 6.24306
4800 6.24306 6.24306
4801 6.24306 6.24306
4802 6.24306 6.24306
4803 6.24306 6.24306
4804 6.24306 6.24306
4805 6.24306 6.24306
4806 6.24306 6.24306
4807 6.24306 6.24306
4808 6.24306 6.24306
4809 6.24306 6.24306
4810 6.24306 6.24306
4811 6.24306 6.24306
4812 6.24306 6.24306
4813 6.24306 6.24306
4814 6.24306 6.24306
4815 6.24306 6.24306
4816 6.24306 6.24306
4817 6.24306 6.24306
4818 6.24306 6.24306
4819 6.24306 6.24306
4820 6.24306 6.24306
4821 6.24306 6.24306
4822 6.24306 6.24306
4823 6.24306 6.24306
4824 6.24306 6.24306
4825 6.24306 6.24306
4826 6.24306 6.24306
4827 6.24306 6.24306
4828 6.24306 6.24306
4829 6.24306 6.24306
4830 6.24306 6.24306
4831 6.24306 6.24306
4832 6.24306 6.24306
4833 6.24306 6.24306
4834 6.24306 6.24306
4835 6.24306 6.24306
4836 6.24306 6.24306
4837 6.24306 6.24306
4838 6.24306 6.24306
4839 6.24306 6.24306
4840 6.24306 6.24306
4841 6.24306 6.24306
4842 6.24306 6.24306
4843 6.24306 6.24306
4844 6.24306 6.24306
4845 6.24306 6.24306
4846 6.24306 6.24306
4847 6.24306 6.24306
4848 6.24306 6.24306
4849 6.24306 6.24306
4850 6.24306 6.24306
4851 6.24306 6.24306
4852 6.24306 6.24306
4853 6.24306 6.24306
4854 6.24306 6.24306
4855 6.24306 6.24306
4856 6.24306 6.24306
4857 6.24306 6.24306
4858 6.24306 6.24306
4859 6.24306 6.24306
4860 6.24306 6.24306
4861 6.24306 6.24306
4862 6.24306 6.24306
4863 6.24306 6.24306
4864 6.24306 6.24306
4865 6.24306 6.24306
4866 6.24306 6.24306
4867 6.24306 6.24306
4868 6.24306 6.24306
4869 6.24306 6.24306
4870 6.24306 6.24306
4871 6.24306 6.24306
4872 6.24306 6.24306
4873 6.24306 6.24306
4874 6.24306 6.24306
4875 6.24306 6.24306
4876 6.24306 6.24306
4877 6.24306 6.24306
4878 6.24306 6.24306
4879 6.24306 6.24306
4880 6.24306 6.24306
4881 6.24306 6.24306
4882 6.24306 6.24306
4883 6.24306 6.24306
4884 6.24306 6.24306
4885 6.24306 6.24306
4886 6.24306 6.24306
4887 6.24306 6.24306
4888 6.24306 6.24306
4889 6.24306 6.24306
4890 6.24306 6.24306
4891 6.24306 6.24306
4892 6.24306 6.24306
4893 6.24306 6.24306
4894 6.24306 6.24306
4895 6.24306 6.24306
4896 6.24306 6.24306
4897 6.24306 6.24306
4898 6.24306 6.24306
4899 6.24306 6.24306
4900 6.24306 6.24306
4901 6.24306 6.24306
4902 6.24306 6.24306
4903 6.24306 6.24306
4904 6.24306 6.24306
4905 6.24306 6.24306
4906 6.24306 6.24306
4907 6.24306 6.24306
4908 6.24306 6.24306
4909 6.24306 6.24306
4910 6.24306 6.24306
4911 6.24306 6.24306
4912 6.24306 6.24306
4913 6.24306 6.24306
4914 6.24306 6.24306
4915 6.24306 6.24306
4916 6.24306 6.24306
4917 6.24306 6.24306
4918 6.24306 6.24306
4919 6.24306 6.24306
4920 6.24306 6.24306
4921 6.24306 6.24306
4922 6.24306 6.24306
4923 6.24306 6.24306
4924 6.24306 6.24306
4925 6.24306 6.24306
4926 6.24306 6.24306
4927 6.24306 6.24306
4928 6.24306 6.24306
4929 6.24306 6.24306
4930 6.24306 6.24306
4931 6.24306 6.24306
4932 6.24306 6.24306
4933 6.24306 6.24306
4934 6.24306 6.24306
4935 6.24306 6.24306
4936 6.24306 6.24306
4937 6.24306 6.24306
4938 6.24306 6.24306
4939 6.24306 6.24306
4940 6.24306 6.24306
4941 6.24306 6.24306
4942 6.24306 6.24306
4943 6.24306 6.24306
4944 6.24306 6.24306
4945 6.24306 6.24306
4946 6.24306 6.24306
4947 6.24306 6.24306
4948 6.24306 6.24306
4949 6.24306 6.24306
4950 6.24306 6.24306
4951 6.24306 6.24306
4952 6.24306 6.24306
4953 6.24306 6.24306
4954 6.24306 6.24306
4955 6.24306 6.24306
4956 6.24306 6.24306
4957 6.24306 6.24306
4958 6.24306 6.24306
4959 6.24306 6.24306
4960 6.24306 6.24306
4961 6.24306 6.24306
4962 6.24306 6.24306
4963 6.24306 6.24306
4964 6.24306 6.24306
4965 6.24306 6.24306
4966 6.24306 6.24306
4967 6.24306 6.24306
4968 6.24306 6.24306
4969 6.24306 6.24306
4970 6.24306 6.24306
4971 6.24306 6.24306
4972 6.24306 6.24306
4973 6.24306 6.24306
4974 6.24306 6.24306
4975 6.24306 6.24306
4976 6.24306 6.24306
4977 6.24306 6.24306
4978 6.24306 6.24306
4979 6.24306 6.24306
4980 6.24306 6.24306
4981 6.24306 6.24306
4982 6.24306 6.24306
4983 6.24306 6.24306
4984 6.24306 6.24306
4985 6.24306 6.24306
4986 6.24306 6.24306
4987 6.24306 6.24306
4988 6.24306 6.24306
4989 6.24306 6.24306
4990 6.24306 6.24306
4991 6.24306 6.24306
4992 6.24306 6.24306
4993 6.24306 6.24306
4994 6.24306 6.24306
4995 6.24306 6.24306
4996 6.24306 6.24306
4997 6.24306 6.24306
4998 6.24306 6.24306
4999 6.24306 6.24306
